fecha_captura,fuente,municipio,direccion,habitaciones_vivienda,plazas,tipo_vivienda,regimen,precio_publicado_eur_mes,periodo_minimo_meses,fecha_oferta,observaciones
2026-08-24,UA,SAN VICENTE DEL RASPEIG,"C/ Calderón de la Barca, 32 1º",4,2,P,CO,235,,8/24/2026,Habitaciones amplias y luminosas
2026-08-24,UA,SAN VICENTE DEL RASPEIG,"C/ Elche, 13 3",4,1,P,A,270,9.0,8/23/2026,Se alquila habitación en piso compartido a chica; Internet
2026-08-24,UA,SAN VICENTE DEL RASPEIG,"C/ Ciprés, 9",5,1,T,CO,459,6.0,8/21/2026,"Comunidad, agua, luz, gas e internet incluidos"
2026-08-24,UA,SAN VICENTE DEL RASPEIG,"C/Hernán Cortes, 2 3 C",4,1,P,A,209,11.0,8/21/2026,"Piso 4 habitaciones, 2 baños, terraza; 1 habitación libre"
2026-08-24,UA,SAN VICENTE DEL RASPEIG,"C/ Portugal, 1 1 22",4,1,P,CO,300,10.0,8/20/2026,Habitación para chico estudiante; 3 chicos estudiantes en el piso
2026-08-24,UA,SAN VICENTE DEL RASPEIG,"C/ Madrid, 16 1º D",3,1,P,A,250,10.0,8/19/2026,Internet; ascensor
2026-08-24,UA,SAN VICENTE DEL RASPEIG,"C/ Madrid, 16 1 D",3,1,P,CO,750,9.0,8/19/2026,Piso todo exterior; esquina; enfrente parque y apeadero tren
2026-08-24,UA,SAN VICENTE DEL RASPEIG,"C/ Alicante, 76 3",6,2,E,CO,550,10.0,8/17/2026,"Habitaciones con nevera, TV y microondas; suministros detallados en observaciones"
2026-08-24,UA,SAN VICENTE DEL RASPEIG,"C/ Blasco Ibánez, 31 3",3,3,A,A,1050,10.0,8/17/2026,Internet y teléfono incluidos; enlace externo a Idealista
2026-08-24,UA,SAN VICENTE DEL RASPEIG,"C/ Sevilla, 1",4,1,P,A,250,12.0,8/17/2026,Muy cerca de la universidad; 2 baños
2026-08-24,UA,SAN VICENTE DEL RASPEIG,"Avd. Libertad, 41",3,1,P,CO,320,8.0,8/15/2026,Internet; ascensor
2026-08-24,UA,SAN VICENTE DEL RASPEIG,"C/ Benlliure, 32 3º",3,1,A,CO,270,12.0,8/15/2026,"3 habitaciones, 1 baño; cocina amplia; A/A; TV; sin ascensor"
2026-08-24,UA,SAN VICENTE DEL RASPEIG,"C/ Francia, 1 38",4,1,A,A,250,12.0,8/15/2026,Internet; ascensor; comunidad
2026-08-24,UA,SAN VICENTE DEL RASPEIG,"C. Cervantes, 24 2 Izq",4,4,P,A,1000,10.0,8/14/2026,Certificado energético; ascensor; comunidad
2026-08-24,UA,SAN VICENTE DEL RASPEIG,"C/ Goya, 40",2,1,P,CO,350,10.0,8/14/2026,Una habitación libre; 2 habitaciones y 2 baños; ideal profesor/a
2026-08-24,UA,SAN VICENTE DEL RASPEIG,"C/ Portugal, 2 3 26",4,4,P,A,1200 / 300 hab.,,8/13/2026,Dúplex junto a la universidad; curso 2026/27; 1200€ completo o 399€/habitación en observación
2026-08-24,UA,SAN VICENTE DEL RASPEIG,"C/ Cura Fco.Maestre, 12 2° B",4,4,P,A,1200,11.0,8/13/2026,120 m²; 4 dormitorios; 2 baños; muy cerca de la universidad
2026-08-24,UA,SAN VICENTE DEL RASPEIG,"C/ Juan Ramón Jiménez, 19",3,1,C,A,275,11.0,8/13/2026,Planta baja independiente; última habitación; solo chicas; 15 min UA; internet
2026-08-24,UA,SAN VICENTE DEL RASPEIG,"C/ Pintor Picasso, 51 3 Izq",5,5,P,A,390,10.0,8/12/2026,Piso recién reformado; 2 baños; habitaciones amplias; zona Ayuntamiento
2026-08-24,UA,SAN VICENTE DEL RASPEIG,"C/ Doctor Fleming, 37",3,3,A,A,750,10.0,8/11/2026,Piso completo solo estudiantes UA; 2 baños
2026-08-24,UA,SAN VICENTE DEL RASPEIG,"Avd. 3 de abril de 1979, 54",3,3,P,A,450,,8/11/2026,Tres habitaciones para estudiantes; urbanización con piscina; menos de 10 min UA
2026-08-24,UA,SAN VICENTE DEL RASPEIG,"C/ Portugal, 1 2 32",4,1,P,A,850,10.0,8/10/2026,Dúplex frente a UA; 3 ocupantes buscan una cuarta persona; 2 baños
2026-08-24,UA,SAN VICENTE DEL RASPEIG,"C/ Alicante, 39",4,1,P,A,200,,8/10/2026,Una plaza/habitación; 10 min UA; 200 m de parada de tram
2026-08-24,UA,SAN VICENTE DEL RASPEIG,"C/ Pelayo, 11 5 K",4,4,P,A,1100,11.0,8/9/2026,A 12 min de UA; equipado para estudiantes/docentes; climatizado
2026-08-24,UA,SAN VICENTE DEL RASPEIG,"C/ Riu Algar, 32",3,3,P,A,1100,10.0,8/7/2026,Junto al Parque Lo Torrent; estudiantes/profesores; terraza y piscina
2026-08-24,UA,SAN VICENTE DEL RASPEIG,"C/ Bretón de los Herreros, 36",2,2,P,A,275,,8/7/2026,"Solo chicas; comunidad, agua, luz e internet incluidos"
2026-08-24,UA,SAN VICENTE DEL RASPEIG,"C/ Santiago, 25 Bajo",3,1,C,A,340,10.0,8/7/2026,Planta baja reformada; habitaciones amplias; A/A; patio; 15 min andando UA
2026-08-24,UA,SAN VICENTE DEL RASPEIG,"C/ La Huerta, 132",3,3,P,A,900,,8/6/2026,Piso para estudiantes; 10 min universidad; A/A e internet
2026-08-24,UA,SAN VICENTE DEL RASPEIG,"C/ San Isidro, 40",4,4,P,A,1200,10.0,8/6/2026,Centro; 10 min universidad; A/A
2026-08-24,UA,SAN VICENTE DEL RASPEIG,"Pasaje de Andorra, 2 1 4",3,1,P,A,850,10.0,8/5/2026,Piso a pie de Campus; edificio Telepizza
2026-08-24,UA,SAN VICENTE DEL RASPEIG,"C/ Velázquez, 22-28",4,4,P,A,1300,10.0,8/5/2026,Solo estudiantes; amueblado; A/A; internet
2026-08-24,UA,SAN VICENTE DEL RASPEIG,"C/ Argentina, 1 4",4,3,P,A,425,10.0,8/5/2026,Habitaciones a estrenar; mobiliario; ideal estudiantes
2026-08-24,UA,SAN VICENTE DEL RASPEIG,"C/ Portugal, 2 4 48",3,3,P,A,930,10.0,8/5/2026,Piso dúplex frente a universidad; agua y luz incluidos
2026-08-24,UA,SAN VICENTE DEL RASPEIG,"C/ Aeroplano, 4 2 D",4,2,P,A,1260,11.0,8/4/2026,Dúplex frente a universidad; 315€/habitación
2026-08-24,UA,SAN VICENTE DEL RASPEIG,"Avenida de la Libertad, 5 1",3,1,P,CO,400,11.0,8/2/2026,Habitación para estudiantes junto universidad; amueblado y equipado
2026-08-24,UA,SAN VICENTE DEL RASPEIG,"Calle Capitán Torregrosa, S/N",3,3,C,A,1100,10.0,8/2/2026,Casa independiente de 100 m² + 64 m² patio; centro
2026-08-24,UA,SAN VICENTE DEL RASPEIG,"Calle Agost, 21",2,2,P,A,950,11.0,8/1/2026,Máximo 2 personas; profesorado y estudiantes de máster; climatizado
2026-08-24,UA,SAN VICENTE DEL RASPEIG,"C/ Balmes, 17",3,2,P,A,240,,8/1/2026,"Piso de estudiantes; 1,4 km / 16 min andando hasta primera facultad UA"
2026-08-24,UA,SAN VICENTE DEL RASPEIG,"Calle Portugal, 2",4,4,P,A,1200,,7/30/2026,Alquiler exclusivamente agosto; posibilidad de individual
2026-08-24,UA,SAN VICENTE DEL RASPEIG,"C. Francia, 1",4,1,P,A,250,12.0,7/30/2026,Una habitación; dúplex de 4 dormitorios; cerca universidad
2026-08-24,UA,SAN VICENTE DEL RASPEIG,"C. Jijona, 10 2 Iz",3,3,P,A,825,10.0,7/30/2026,Internet y comunidad; oferta para estudiantes
