precio;detalles;tag
925€/mes;Garaje incluido|3 hab.|91 m²|1ª planta exterior con ascensor;
1.230€/mes;3 hab.|120 m²|1ª planta exterior con ascensor;Alquiler de temporada
1.100€/mes;3 hab.|90 m²|3ª planta exterior con ascensor;Alquiler de temporada
1.150€/mes;3 hab.|80 m²|Bajo exterior sin ascensor;Alquiler de temporada
1.550€/mes;Garaje opc. 40 €/mes|3 hab.|90 m²|3ª planta exterior con ascensor;
1.200€/mes;Garaje incluido|6 hab.|200 m²;Alquiler de temporada
1.100€/mes;4 hab.|117 m²|1ª planta exterior sin ascensor;Alquiler de temporada
860€/mes;4 hab.|137 m²|1ª planta interior con ascensor;Alquiler de temporada
1.000€/mes;4 hab.|95 m²|1ª planta exterior sin ascensor;Alquiler de temporada
1.200€/mes;4 hab.|110 m²|1ª planta exterior sin ascensor;Alquiler de temporada
1.100€/mes;4 hab.|100 m²|2ª planta exterior sin ascensor;Alquiler de temporada
1.000€/mes;3 hab.|75 m²|1ª planta exterior sin ascensor;
770€/mes;4 hab.|99 m²|Bajo exterior sin ascensor;Alquiler de temporada
1.100€/mes;4 hab.|112 m²|3ª planta exterior sin ascensor;Alquiler de temporada
1.200€/mes;3 hab.|90 m²|2ª planta exterior con ascensor;
1.200€/mes;3 hab.|90 m²|1ª planta exterior sin ascensor;
1.260€/mes;4 hab.|125 m²|4ª planta exterior con ascensor;
1.200€/mes;4 hab.|85 m²|1ª planta exterior sin ascensor;Alquiler de temporada
960€/mes;3 hab.|117 m²|3ª planta exterior sin ascensor;Alquiler de temporada
900€/mes;4 hab.|100 m²|3ª planta interior con ascensor;Alquiler de temporada
1.100€/mes;4 hab.|110 m²|3ª planta exterior sin ascensor;Alquiler de temporada
1.750€/mes;5 hab.|100 m²|3ª planta exterior con ascensor;Alquiler de temporada
850€/mes;3 hab.|82 m²|3ª planta exterior sin ascensor;Alquiler de temporada
1.000€/mes;4 hab.|95 m²|4ª planta exterior sin ascensor;Alquiler de temporada
1.100€/mes;4 hab.|120 m²|2ª planta exterior con ascensor;Alquiler de temporada
1.100€/mes;Garaje opc. 60 €/mes|3 hab.|90 m²|1ª planta exterior con ascensor;Alquiler de temporada
1.100€/mes;4 hab.|110 m²|2ª planta exterior sin ascensor;Alquiler de temporada
900€/mes;3 hab.|90 m²|3ª planta exterior sin ascensor;Alquiler de temporada
1.300€/mes;Garaje incluido|4 hab.|124 m²|1ª planta exterior con ascensor;
950€/mes;3 hab.|115 m²|4ª planta exterior con ascensor;
1.100€/mes;4 hab.|110 m²|6ª planta exterior con ascensor;Alquiler de temporada
950€/mes;3 hab.|90 m²|2ª planta exterior sin ascensor;Alquiler de temporada
1.050€/mes;3 hab.|92 m²|3ª planta exterior sin ascensor;Alquiler de temporada
900€/mes;3 hab.|130 m²|1ª planta exterior sin ascensor;Alquiler de temporada
800€/mes;3 hab.|90 m²|Bajo interior sin ascensor;Alquiler de temporada
795€/mes;2 hab.|68 m²|1ª planta exterior sin ascensor;Alquiler de temporada
1.750€/mes;5 hab.|100 m²|2ª planta exterior con ascensor;Alquiler de temporada
1.000€/mes;3 hab.|95 m²|1ª planta exterior con ascensor;Alquiler de temporada
1.500€/mes;5 hab.|100 m²|3ª planta exterior sin ascensor;Alquiler de temporada
990€/mes;3 hab.|90 m²|2ª planta exterior sin ascensor;Alquiler de temporada
1.000€/mes;4 hab.|100 m²|2ª planta exterior sin ascensor;Alquiler de temporada
1.500€/mes;4 hab.|135 m²|4ª planta exterior con ascensor;Alquiler de temporada
1.150€/mes;4 hab.|100 m²|6ª planta exterior con ascensor;Alquiler de temporada
950€/mes;3 hab.|90 m²|exterior sin ascensor;
920€/mes;3 hab.|100 m²|1ª planta exterior con ascensor;Alquiler de temporada
920€/mes;3 hab.|100 m²|4ª planta exterior sin ascensor;Alquiler de temporada
1.250€/mes;4 hab.|120 m²|exterior con ascensor;
1.200€/mes;3 hab.|100 m²|2ª planta exterior con ascensor;
900€/mes;3 hab.|90 m²|exterior sin ascensor;
1.300€/mes;4 hab.|134 m²|4ª planta exterior con ascensor;Alquiler de temporada
850€/mes;3 hab.|90 m²|exterior con ascensor;
1.400€/mes;5 hab.|160 m²|1ª planta exterior sin ascensor;Alquiler de temporada
880€/mes;3 hab.|100 m²|1ª planta exterior con ascensor;Alquiler de temporada
950€/mes;Garaje incluido|2 hab.|80 m²|3ª planta exterior con ascensor;
1.300€/mes;4 hab.|113 m²|Bajo exterior con ascensor;Alquiler de temporada
1.200€/mes;2 hab.|80 m²|5ª planta exterior con ascensor;
1.300€/mes;4 hab.|124 m²|2ª planta exterior con ascensor;
1.100€/mes;4 hab.|111 m²|3ª planta exterior sin ascensor;Alquiler de temporada
1.200€/mes;4 hab.|111 m²|3ª planta exterior con ascensor;
1.080€/mes;Garaje incluido|3 hab.|86 m²|4ª planta exterior con ascensor;
900€/mes;3 hab.|83 m²|3ª planta exterior sin ascensor;
800€/mes;3 hab.|115 m²|1ª planta exterior con ascensor;Alquiler de temporada
1.100€/mes;Garaje incluido|4 hab.|152 m²|1ª planta exterior con ascensor;Alquiler de temporada
1.200€/mes;4 hab.|140 m²|4ª planta exterior sin ascensor;
1.400€/mes;5 hab.|140 m²|2ª planta exterior sin ascensor;Alquiler de temporada
900€/mes;3 hab.|90 m²|1ª planta exterior sin ascensor;Alquiler de temporada
1.000€/mes;4 hab.|120 m²|3ª planta exterior con ascensor;Alquiler de temporada
900€/mes;3 hab.|100 m²|3ª planta exterior sin ascensor;
1.100€/mes;4 hab.|110 m²|2ª planta exterior sin ascensor;Alquiler de temporada
1.080€/mes;3 hab.|95 m²|4ª planta exterior con ascensor;Alquiler de temporada
980€/mes;4 hab.|90 m²|1ª planta exterior con ascensor;Alquiler de temporada
1.400€/mes;5 hab.|120 m²|2ª planta exterior sin ascensor;Alquiler de temporada
1.200€/mes;4 hab.|100 m²|3ª planta exterior con ascensor;Alquiler de temporada
1.050€/mes;3 hab.|95 m²|4ª planta exterior con ascensor;
840€/mes;3 hab.|95 m²|3ª planta exterior con ascensor;Alquiler de temporada
1.200€/mes;4 hab.|126 m²|3ª planta exterior con ascensor;
1.200€/mes;4 hab.|130 m²|1ª planta exterior sin ascensor;Alquiler de temporada
1.200€/mes;4 hab.|110 m²|2ª planta exterior con ascensor;Alquiler de temporada
800€/mes;2 hab.|75 m²|1ª planta exterior con ascensor;Alquiler de temporada
1.350€/mes;Garaje incluido|3 hab.|160 m²;
1.500€/mes;4 hab.|110 m²|Entreplanta exterior con ascensor;Alquiler de temporada
1.050€/mes;Garaje incluido|3 hab.|112 m²;
1.200€/mes;3 hab.|90 m²|5ª planta exterior con ascensor;
1.200€/mes;4 hab.|121 m²|2ª planta exterior con ascensor;Alquiler de temporada
1.200€/mes;4 hab.|115 m²|2ª planta exterior con ascensor;Alquiler de temporada
990€/mes;3 hab.|110 m²|5ª planta exterior con ascensor;Alquiler de temporada
1.300€/mes;4 hab.|90 m²|4ª planta exterior con ascensor;
1.300€/mes;3 hab.|100 m²;
1.200€/mes;4 hab.|90 m²|3ª planta exterior con ascensor;
900€/mes;3 hab.|95 m²|4ª planta exterior con ascensor;Alquiler de temporada
