cod_municipio,cod_provincia,cp,direccion,dormit_totales,estudio,fecha_alta,habdoble,habindi,municipio,nombre,numplazasdoble,numplazasindi,plazas_totales,provincia,ref_catastral,rural,signatura,superficie,web
122,3,3004.0,"CL MARQUES DE MOLINS, 5, Es:1 Pl:00 Pt:CN",2,N,28/01/2025,1.0,1.0,SANT VICENT DEL RASPEIG/SAN VICENTE DEL RASPEIG,,2,1,3,ALICANTE/ALACANT,9578502YH1497H0002AY,N,CV-VUT0513993-A,63.00,
122,3,3004.0,"CL POZO, 54, Es:1 Pl:00 Pt:01",3,N,29/01/2025,3.0,0.0,SANT VICENT DEL RASPEIG/SAN VICENTE DEL RASPEIG,,6,0,6,ALICANTE/ALACANT,9978622YH1497H0001HT,N,CV-VUT0514003-A,64.00,
122,3,3004.0,"CL SAN VICENTE, 51, Es:1 Pl:02 Pt:DR",4,N,24/02/2025,3.0,1.0,SANT VICENT DEL RASPEIG/SAN VICENTE DEL RASPEIG,,6,1,7,ALICANTE/ALACANT,9879607YH1497H0007MA,N,CV-VUT0514446-A,111.00,
122,3,3690.0,"AV ALMASSERA DE L', 26, Bloque:3 Es:4 Pl:03 Pt:Z",3,N,27/02/2025,3.0,0.0,SANT VICENT DEL RASPEIG/SAN VICENTE DEL RASPEIG,,6,0,6,ALICANTE/ALACANT,7028018YH1572N0231LZ,N,CV-VUT0514536-A,123.00,
122,3,3690.0,"AV ANCHA CASTELAR, 22, Es:1 Pl:04 Pt:01",5,N,20/02/2025,4.0,1.0,SANT VICENT DEL RASPEIG/SAN VICENTE DEL RASPEIG,,8,1,9,ALICANTE/ALACANT,6629009YH1562N0005QJ,N,CV-VUT0514403-A,212.00,
122,3,3690.0,"AV HAYGON, 24, Es:T Pl:OD Pt:OS",5,N,13/04/2021,5.0,0.0,SANT VICENT DEL RASPEIG/SAN VICENTE DEL RASPEIG,Vivienda 485628-A,10,0,10,ALICANTE/ALACANT,8220008YH1581N0001QR,N,CV-VUT0485628-A,317.00,
122,3,3690.0,"AV HAYGON, 41A, Es:T Pl:OD Pt:OS",5,N,04/02/2026,3.0,2.0,SANT VICENT DEL RASPEIG/SAN VICENTE DEL RASPEIG,,6,2,8,ALICANTE/ALACANT,8317011YH1581N0001HR,N,CV-VUT0520085-A,202.00,
122,3,3690.0,"AV SEVILLA, 10, Es:1 Pl:02 Pt:B",3,N,29/05/2015,3.0,0.0,SANT VICENT DEL RASPEIG/SAN VICENTE DEL RASPEIG,Vivienda 443247-A,6,0,6,ALICANTE/ALACANT,7123501YH1572S0007BI,N,CV-VUT0443247-A,186.00,
122,3,3690.0,"AV SEVILLA, 10, Es:2 Pl:04 Pt:D",2,N,25/03/2024,1.0,1.0,SANT VICENT DEL RASPEIG/SAN VICENTE DEL RASPEIG,Vivienda 506549-A,2,1,3,ALICANTE/ALACANT,7123501YH1572S0036JT,N,CV-VUT0506549-A,143.00,
122,3,3690.0,"CL ABEDUL, 14, Es:T Pl:OD Pt:OS",7,N,13/05/2025,7.0,0.0,SANT VICENT DEL RASPEIG/SAN VICENTE DEL RASPEIG,,14,0,14,ALICANTE/ALACANT,8743008YH1584S0001MJ,N,CV-VUT0516449-A,480.00,
122,3,3690.0,"CL ACACIAS, 6, Es:T Pl:OD Pt:OS",5,N,28/02/2022,5.0,0.0,SANT VICENT DEL RASPEIG/SAN VICENTE DEL RASPEIG,Vivienda 488782-A,10,0,10,ALICANTE/ALACANT,9041019YH1594S0001HZ,N,CV-VUT0488782-A,470.00,
122,3,3690.0,"CL ALC RAMON ORTS GALAN, 8, Es:2 Pl:07 Pt:A",2,N,25/01/2017,2.0,0.0,SANT VICENT DEL RASPEIG/SAN VICENTE DEL RASPEIG,Vivienda 452617-A,4,0,4,ALICANTE/ALACANT,7229402YH1572N0428TR,N,CV-VUT0452617-A,85.00,
122,3,3690.0,"CL ALFONSO XIII, 15, Es:1 Pl:EN Pt:2A",1,N,16/05/2023,1.0,0.0,SANT VICENT DEL RASPEIG/SAN VICENTE DEL RASPEIG,Vivienda 498136-A,2,0,2,ALICANTE/ALACANT,6128212YH1562N1001GA,N,CV-VUT0498136-A,98.00,
122,3,3690.0,"CL ALFONSO XIII, 54, Es:1 Pl:00 Pt:A",2,N,07/07/2023,2.0,0.0,SANT VICENT DEL RASPEIG/SAN VICENTE DEL RASPEIG,Vivienda 500283-A,4,0,4,ALICANTE/ALACANT,6326013YH1562N0002HF,N,CV-VUT0500283-A,66.00,
122,3,3690.0,"CL ALFONSO XIII, 54, Es:1 Pl:00 Pt:B",1,N,07/07/2023,1.0,0.0,SANT VICENT DEL RASPEIG/SAN VICENTE DEL RASPEIG,Vivienda 500284-A,2,0,2,ALICANTE/ALACANT,6326013YH1562N0003JG,N,CV-VUT0500284-A,55.00,
122,3,3690.0,"CL ALFONSO XIII, 54, Es:1 Pl:01 Pt:A",3,N,28/08/2023,3.0,0.0,SANT VICENT DEL RASPEIG/SAN VICENTE DEL RASPEIG,Vivienda 501176-A,6,0,6,ALICANTE/ALACANT,6326013YH1562N0004KH,N,CV-VUT0501176-A,101.00,
122,3,3690.0,"CL ALFONSO XIII, 54, Es:1 Pl:01 Pt:B",1,N,28/08/2023,1.0,0.0,SANT VICENT DEL RASPEIG/SAN VICENTE DEL RASPEIG,Vivienda 501177-A,2,0,2,ALICANTE/ALACANT,6326013YH1562N0005LJ,N,CV-VUT0501177-A,45.00,
122,3,3690.0,"CL ALFONSO XIII, 54, Es:1 Pl:02 Pt:A",3,N,28/08/2023,3.0,0.0,SANT VICENT DEL RASPEIG/SAN VICENTE DEL RASPEIG,Vivienda 501178-A,6,0,6,ALICANTE/ALACANT,6326013YH1562N0006BK,N,CV-VUT0501178-A,101.00,
122,3,3690.0,"CL ALFONSO XIII, 54, Es:1 Pl:02 Pt:B",1,N,28/08/2023,1.0,0.0,SANT VICENT DEL RASPEIG/SAN VICENTE DEL RASPEIG,Vivienda 501179-A,2,0,2,ALICANTE/ALACANT,6326013YH1562N0007ZL,N,CV-VUT0501179-A,45.00,
122,3,3690.0,"CL ALFONSO XIII, 54, Es:1 Pl:03 Pt:A",2,N,07/07/2023,2.0,0.0,SANT VICENT DEL RASPEIG/SAN VICENTE DEL RASPEIG,Vivienda 500285-A,4,0,4,ALICANTE/ALACANT,6326013YH1562N0008XB,N,CV-VUT0500285-A,187.00,
122,3,3690.0,"CL ALICANTE, 18, Pl:04 Pt:IZ",2,N,30/03/2022,2.0,0.0,SANT VICENT DEL RASPEIG/SAN VICENTE DEL RASPEIG,Vivienda 489315-A,4,0,4,ALICANTE/ALACANT,6627311YH1562N0009ZZ,N,CV-VUT0489315-A,140.00,
122,3,3690.0,"CL ALICANTE, 24, Es:1 Pl:EN Pt:01",1,N,29/01/2024,1.0,0.0,SANT VICENT DEL RASPEIG/SAN VICENTE DEL RASPEIG,Vivienda 504861-A,2,0,2,ALICANTE/ALACANT,6627314YH1562N0002KF,N,CV-VUT0504861-A,47.00,
122,3,3690.0,"CL ALICANTE, 84, Es:1 Pl:+1 Pt:41",1,N,29/04/2024,1.0,0.0,SANT VICENT DEL RASPEIG/SAN VICENTE DEL RASPEIG,Vivienda 507508-A,2,0,2,ALICANTE/ALACANT,6922128YH1572S0064SQ,N,CV-VUT0507508-A,41.00,
122,3,3690.0,"CL AVELLANO, 13, Es:T Pl:OD Pt:OS",4,N,17/12/2020,4.0,0.0,SANT VICENT DEL RASPEIG/SAN VICENTE DEL RASPEIG,Vivienda 484543-A,8,0,8,ALICANTE/ALACANT,8937002YH1593N0001UL,N,CV-VUT0484543-A,378.00,
122,3,3690.0,"CL BAILEN, 39, Pl:02 Pt:DR",4,N,07/05/2018,1.0,3.0,SANT VICENT DEL RASPEIG/SAN VICENTE DEL RASPEIG,Vivienda 466339-A,2,3,5,ALICANTE/ALACANT,6326027YH1562N0005EJ,N,CV-VUT0466339-A,104.00,
122,3,3690.0,"CL BAILEN, 41, Pl:02 Pt:DR",4,N,07/05/2018,1.0,3.0,SANT VICENT DEL RASPEIG/SAN VICENTE DEL RASPEIG,Vivienda 466336-A,2,3,5,ALICANTE/ALACANT,6326026YH1562N0005JJ,N,CV-VUT0466336-A,108.00,
122,3,3690.0,"CL BAILEN, 49, Pl:03 Pt:DR",3,N,04/07/2019,3.0,0.0,SANT VICENT DEL RASPEIG/SAN VICENTE DEL RASPEIG,Vivienda 477239-A,6,0,6,ALICANTE/ALACANT,6325003YH1562S0007XR,N,CV-VUT0477239-A,112.00,
122,3,3690.0,"CL BAILEN, 57, Es:1 Pl:03 Pt:C",2,N,26/07/2023,2.0,0.0,SANT VICENT DEL RASPEIG/SAN VICENTE DEL RASPEIG,Vivienda 500444-A,4,0,4,ALICANTE/ALACANT,6325007YH1562S0016KP,N,CV-VUT0500444-A,71.00,
122,3,3690.0,"CL BAUTISTA AZNAR, 2, Pl:03 Pt:DR",3,N,27/05/2018,3.0,0.0,SANT VICENT DEL RASPEIG/SAN VICENTE DEL RASPEIG,Vivienda 467383-A,6,0,6,ALICANTE/ALACANT,6625111YH1562N0007QL,N,CV-VUT0467383-A,102.00,
122,3,3690.0,"CL BENLLIURE, 17, Pl:02 Pt:DR",4,N,24/08/2020,4.0,0.0,SANT VICENT DEL RASPEIG/SAN VICENTE DEL RASPEIG,Vivienda 483037-A,8,0,8,ALICANTE/ALACANT,6729008YH1562N0005UJ,N,CV-VUT0483037-A,97.00,
122,3,3690.0,"CL BENLLIURE, 32, Es:1 Pl:02 Pt:DR",4,N,24/08/2020,4.0,0.0,SANT VICENT DEL RASPEIG/SAN VICENTE DEL RASPEIG,Vivienda 483038-A,8,0,8,ALICANTE/ALACANT,6728002YH1562N0004HH,N,CV-VUT0483038-A,91.00,
122,3,3690.0,"CL BLASCO IBAÑEZ, 26, Pl:03 Pt:IZ",3,N,26/12/2024,3.0,0.0,SANT VICENT DEL RASPEIG/SAN VICENTE DEL RASPEIG,Vivienda 513503-A,6,0,6,ALICANTE/ALACANT,6929010YH1562N0010UL,N,CV-VUT0513503-A,90.00,
122,3,3690.0,"CL CADERNERA LA, 10, Es:T Pl:OD Pt:OS",5,N,29/04/2021,4.0,1.0,SANT VICENT DEL RASPEIG/SAN VICENTE DEL RASPEIG,Vivienda 488079-A,8,1,9,ALICANTE/ALACANT,4563009YH1546S0001BS,N,CV-VUT0488079-A,484.00,
122,3,3690.0,"CL CASTAÑO, 6, Es:T Pl:OD Pt:OS",9,N,21/05/2025,9.0,0.0,SANT VICENT DEL RASPEIG/SAN VICENTE DEL RASPEIG,,18,0,18,ALICANTE/ALACANT,8945018YH1584S0001AJ,N,CV-VUT0516616-A,224.00,
122,3,3690.0,"CL CIUDAD JARDIN, 7, Pl:03 Pt:DR",3,N,05/11/2024,3.0,0.0,SANT VICENT DEL RASPEIG/SAN VICENTE DEL RASPEIG,Vivienda 512549-A,6,0,6,ALICANTE/ALACANT,7026607YH1562N0007OL,N,CV-VUT0512549-A,87.00,
122,3,3690.0,"CL COLONIA STA. ISABEL, 21L, Es:2 Pl:04 Pt:I",3,N,02/01/2024,1.0,2.0,SANT VICENT DEL RASPEIG/SAN VICENTE DEL RASPEIG,Vivienda 504156-A,2,2,4,ALICANTE/ALACANT,7315601YH1581S0052DW,N,CV-VUT0504156-A,70.00,
122,3,3690.0,"CL COLONIA STA. ISABEL, 50, Es:P Pl:03 Pt:C",3,N,12/12/2017,2.0,1.0,SANT VICENT DEL RASPEIG/SAN VICENTE DEL RASPEIG,Vivienda 461221-A,4,1,5,ALICANTE/ALACANT,8412110YH1581S0188ZO,N,CV-VUT0461221-A,89.00,
122,3,3690.0,"CL COLONIA STA. ISABEL, 9, Es:B Pl:05 Pt:I",2,N,02/01/2024,1.0,1.0,SANT VICENT DEL RASPEIG/SAN VICENTE DEL RASPEIG,Vivienda 504157-A,2,1,3,ALICANTE/ALACANT,7213201YH1581S0034YD,N,CV-VUT0504157-A,69.00,
122,3,3690.0,"CL COTTOLENGO, 1, Es:1 Pl:01 Pt:42",5,N,28/03/2025,4.0,1.0,SANT VICENT DEL RASPEIG/SAN VICENTE DEL RASPEIG,,8,1,9,ALICANTE/ALACANT,8123002YH1582S0042XS,N,CV-VUT0515429-A,108.00,
122,3,3690.0,"CL DR MARAÑON, 13, Bloque:1 Es:1 Pl:00 Pt:04",2,N,19/10/2015,1.0,1.0,SANT VICENT DEL RASPEIG/SAN VICENTE DEL RASPEIG,Vivienda 444533-A,2,1,3,ALICANTE/ALACANT,6620602YH1562S0085LS,N,CV-VUT0444533-A,147.00,
122,3,3690.0,"CL DR MARAÑON, 14, Es:C Pl:01 Pt:A",2,N,05/10/2023,1.0,1.0,SANT VICENT DEL RASPEIG/SAN VICENTE DEL RASPEIG,Vivienda 502176-A,2,1,3,ALICANTE/ALACANT,6723501YH1562S0028BL,N,CV-VUT0502176-A,116.00,
122,3,3690.0,"CL DR TRUETA, 16, Pl:01 Pt:IZ",3,N,09/02/2023,3.0,0.0,SANT VICENT DEL RASPEIG/SAN VICENTE DEL RASPEIG,Vivienda 495033-A,6,0,6,ALICANTE/ALACANT,6429108YH1562N0006DK,N,CV-VUT0495033-A,141.00,
122,3,3690.0,"CL ESPRONCEDA, 6, Es:5 Pl:03 Pt:A",4,N,30/07/2025,1.0,3.0,SANT VICENT DEL RASPEIG/SAN VICENTE DEL RASPEIG,,2,3,5,ALICANTE/ALACANT,5834015YH1563S0052KT,N,CV-VUT0517953-A,146.00,
122,3,3690.0,"CL FRESNO, 20",2,N,10/06/2021,1.0,1.0,SANT VICENT DEL RASPEIG/SAN VICENTE DEL RASPEIG,Vivienda 486496-A,2,1,3,ALICANTE/ALACANT,8934004YH1583S0001PM,N,CV-VUT0486496-A,216.00,
122,3,3690.0,"CL GABRIEL MIRO, 9, Pl:02 Pt:DR",3,N,16/07/2024,3.0,0.0,SANT VICENT DEL RASPEIG/SAN VICENTE DEL RASPEIG,Vivienda 510236-A,6,0,6,ALICANTE/ALACANT,6627326YH1562N0004OH,N,CV-VUT0510236-A,137.00,
122,3,3690.0,"CL GENETA LA, 2, Es:T Pl:OD Pt:OS",4,N,20/12/2024,3.0,1.0,SANT VICENT DEL RASPEIG/SAN VICENTE DEL RASPEIG,Vivienda 513440-A,6,1,7,ALICANTE/ALACANT,4758012YH1545N0001JP,N,CV-VUT0513440-A,334.00,
122,3,3690.0,"CL HERNAN CORTES, 24, Pl:03 Pt:DR",3,N,29/01/2025,3.0,0.0,SANT VICENT DEL RASPEIG/SAN VICENTE DEL RASPEIG,,6,0,6,ALICANTE/ALACANT,7026214YH1572N0009IW,N,CV-VUT0514120-A,88.00,
122,3,3690.0,"CL HUERTA LA, 132, Es:2 Pl:01 Pt:D",3,N,04/07/2023,1.0,2.0,SANT VICENT DEL RASPEIG/SAN VICENTE DEL RASPEIG,Vivienda 499816-A,2,2,4,ALICANTE/ALACANT,7028011YH1572N0127ZJ,N,CV-VUT0499816-A,92.00,
122,3,3690.0,"CL HUERTA LA, 136, Es:4 Pl:03 Pt:B",3,N,07/03/2018,1.0,2.0,SANT VICENT DEL RASPEIG/SAN VICENTE DEL RASPEIG,Vivienda 464441-A,2,2,4,ALICANTE/ALACANT,7028011YH1572N0143IR,N,CV-VUT0464441-A,90.00,
122,3,3690.0,"CL HUERTA LA, 14, Pl:01 Pt:IZ",4,N,15/06/2023,4.0,0.0,SANT VICENT DEL RASPEIG/SAN VICENTE DEL RASPEIG,Vivienda 499298-A,8,0,8,ALICANTE/ALACANT,6635607YH1563S0006MB,N,CV-VUT0499298-A,132.00,
122,3,3690.0,"CL HUERTA LA, 146, Es:9 Pl:01 Pt:B",3,N,07/03/2018,1.0,2.0,SANT VICENT DEL RASPEIG/SAN VICENTE DEL RASPEIG,Vivienda 464440-A,2,2,4,ALICANTE/ALACANT,7028011YH1572N0214FP,N,CV-VUT0464440-A,94.00,
122,3,3690.0,"CL JORGE JUAN, 29, Pl:01 Pt:IZ",3,N,29/01/2025,3.0,0.0,SANT VICENT DEL RASPEIG/SAN VICENTE DEL RASPEIG,,6,0,6,ALICANTE/ALACANT,6625109YH1562N0003YG,N,CV-VUT0514116-A,100.00,
122,3,3690.0,"CL JUAN RAMON JIMENEZ, 6, Pl:03",4,N,25/03/2024,3.0,1.0,SANT VICENT DEL RASPEIG/SAN VICENTE DEL RASPEIG,Vivienda 506482-A,6,1,7,ALICANTE/ALACANT,6429719YH1562N0004GH,N,CV-VUT0506482-A,172.00,
122,3,3690.0,"CL L'ISLE D'ABEAU, 6, Es:1 Pl:00 Pt:70",3,N,19/06/2018,2.0,1.0,SANT VICENT DEL RASPEIG/SAN VICENTE DEL RASPEIG,Vivienda 468572-A,4,1,5,ALICANTE/ALACANT,7130401YH1573S0004PX,N,CV-VUT0468572-A,182.00,
122,3,3690.0,"CL LILLO JUAN, 125, Pl:01 Pt:DR",3,N,13/02/2025,1.0,2.0,SANT VICENT DEL RASPEIG/SAN VICENTE DEL RASPEIG,,2,2,4,ALICANTE/ALACANT,5934201YH1553S0009YL,N,CV-VUT0514238-A,68.00,
122,3,3690.0,"CL LIMONEROS, 24, Es:T Pl:OD Pt:OS",12,N,08/07/2025,6.0,6.0,SANT VICENT DEL RASPEIG/SAN VICENTE DEL RASPEIG,,12,6,18,ALICANTE/ALACANT,8933002YH1583S0001PM,N,CV-VUT0517601-A,439.00,
122,3,3690.0,"CL MANUEL DGUEZ MARGARIT, 33, Es:1 Pl:02 Pt:DR",4,N,02/04/2025,4.0,0.0,SANT VICENT DEL RASPEIG/SAN VICENTE DEL RASPEIG,,8,0,8,ALICANTE/ALACANT,6331010YH1563S0006EB,N,CV-VUT0515597-A,119.00,
122,3,3690.0,"CL MAYOR, 25, Es:1 Pl:01 Pt:B",1,N,27/01/2026,1.0,0.0,SANT VICENT DEL RASPEIG/SAN VICENTE DEL RASPEIG,MAYOR 25,2,0,2,ALICANTE/ALACANT,6328013YH1562N0005YJ,N,CV-VUT0519988-A,72.00,
122,3,3690.0,"CL MAYOR, 78, Es:1 Pl:01 Pt:A",2,N,26/02/2024,2.0,0.0,SANT VICENT DEL RASPEIG/SAN VICENTE DEL RASPEIG,Vivienda 505786-A,4,0,4,ALICANTE/ALACANT,6425002YH1563N0002MI,N,CV-VUT0505786-A,92.00,
122,3,3690.0,"CL MAYOR, 78, Es:1 Pl:01 Pt:B",2,N,26/02/2024,2.0,0.0,SANT VICENT DEL RASPEIG/SAN VICENTE DEL RASPEIG,Vivienda 505787-A,4,0,4,ALICANTE/ALACANT,6425002YH1563N0003QO,N,CV-VUT0505787-A,92.00,
122,3,3690.0,"CL MAYOR, 98, Es:1 Pl:02 Pt:08",3,N,07/05/2018,1.0,2.0,SANT VICENT DEL RASPEIG/SAN VICENTE DEL RASPEIG,Vivienda 466340-A,2,2,4,ALICANTE/ALACANT,6424001YH1562S0137GT,N,CV-VUT0466340-A,80.00,
122,3,3690.0,"CL NUÑEZ DE BALBOA, 6, Es:1 Pl:01 Pt:E",4,N,24/01/2024,3.0,1.0,SANT VICENT DEL RASPEIG/SAN VICENTE DEL RASPEIG,Vivienda 504710-A,6,1,7,ALICANTE/ALACANT,6925203YH1562N0037EJ,N,CV-VUT0504710-A,116.00,
122,3,3690.0,"CL PELAYO, 15, Pl:-1 Pt:28",3,N,30/11/2017,3.0,0.0,SANT VICENT DEL RASPEIG/SAN VICENTE DEL RASPEIG,Vivienda 460722-A,6,0,6,ALICANTE/ALACANT,6829003YH1562N0028JA,N,CV-VUT0460722-A,22.00,
122,3,3690.0,"CL PINTOR MURILLO, 4, Pl:01",8,N,03/04/2025,2.0,6.0,SANT VICENT DEL RASPEIG/SAN VICENTE DEL RASPEIG,,4,6,10,ALICANTE/ALACANT,6425114YH1562N0001GD,N,CV-VUT0515672-A,221.00,
122,3,3690.0,"CL PINTOR PICASSO, 1, Pl:02 Pt:DR",3,N,07/03/2018,1.0,2.0,SANT VICENT DEL RASPEIG/SAN VICENTE DEL RASPEIG,Vivienda 464442-A,2,2,4,ALICANTE/ALACANT,6329017YH1562N0006WK,N,CV-VUT0464442-A,123.00,
122,3,3690.0,"CL POETA GARCIA LORCA, 24, Es:1 Pl:04 Pt:C",3,N,20/09/2024,2.0,1.0,SANT VICENT DEL RASPEIG/SAN VICENTE DEL RASPEIG,Vivienda 511587-A,4,1,5,ALICANTE/ALACANT,6624209YH1562S0035TM,N,CV-VUT0511587-A,159.00,
122,3,3690.0,"CL POU DEL, 9, Es:T Pl:OD Pt:OS",3,N,01/06/2023,3.0,0.0,SANT VICENT DEL RASPEIG/SAN VICENTE DEL RASPEIG,Vivienda 499661-A,6,0,6,ALICANTE/ALACANT,3680211YH1538S0001UL,N,CV-VUT0499661-A,189.00,
122,3,3690.0,"CL RAFAEL SABATER LLOPIS, 1, Pl:03 Pt:IZ",3,N,04/07/2023,1.0,2.0,SANT VICENT DEL RASPEIG/SAN VICENTE DEL RASPEIG,Vivienda 499817-A,2,2,4,ALICANTE/ALACANT,6027204YH1562N0008TB,N,CV-VUT0499817-A,101.00,
122,3,3690.0,"CL RIO DUERO, 34, Pl:01",6,N,04/05/2023,6.0,0.0,SANT VICENT DEL RASPEIG/SAN VICENTE DEL RASPEIG,Vivienda 497637-A,12,0,12,ALICANTE/ALACANT,8124003YH1582S0001UY,N,CV-VUT0497637-A,502.00,
122,3,3690.0,"CL RIO GUADALQUIVIR, 7, Es:T Pl:OD Pt:OS",5,N,11/03/2025,5.0,0.0,SANT VICENT DEL RASPEIG/SAN VICENTE DEL RASPEIG,,10,0,10,ALICANTE/ALACANT,7928006YH1572N0001MJ,N,CV-VUT0514842-A,338.00,
122,3,3690.0,"CL RIO TAJO, 13, Pl:00",4,N,14/06/2024,4.0,0.0,SANT VICENT DEL RASPEIG/SAN VICENTE DEL RASPEIG,Vivienda 509374-A,8,0,8,ALICANTE/ALACANT,7926014YH1572N0001SJ,N,CV-VUT0509374-A,144.00,
122,3,3690.0,"CL RIO TAJO, 15, Es:T Pl:OD Pt:OS",5,N,16/12/2024,5.0,0.0,SANT VICENT DEL RASPEIG/SAN VICENTE DEL RASPEIG,Vivienda 513335-A,10,0,10,ALICANTE/ALACANT,7926015YH1572N0001ZJ,N,CV-VUT0513335-A,511.00,
122,3,3690.0,"CL ROBLE, 26, Es:T Pl:OD Pt:OS",3,N,09/02/2026,3.0,0.0,SANT VICENT DEL RASPEIG/SAN VICENTE DEL RASPEIG,,6,0,6,ALICANTE/ALACANT,9045019YH1584N0001DO,N,CV-VUT0520147-A,247.00,
122,3,3690.0,"CL ROSSINYOL, 4, Es:T Pl:OD Pt:OS",5,N,18/02/2021,5.0,0.0,SANT VICENT DEL RASPEIG/SAN VICENTE DEL RASPEIG,Vivienda 485046-A,10,0,10,ALICANTE/ALACANT,7633008YH1573S0001YL,N,CV-VUT0485046-A,355.00,
122,3,3690.0,"CL SAN ISIDRO, 11, Es:1 Pl:01 Pt:IZ",3,N,28/11/2022,1.0,2.0,SANT VICENT DEL RASPEIG/SAN VICENTE DEL RASPEIG,Vivienda 493991-A,2,2,4,ALICANTE/ALACANT,6830020YH1563S0006ZB,N,CV-VUT0493991-A,89.00,
122,3,3690.0,"CL SAN JUAN, 17C, Pl:04 Pt:1",4,N,07/05/2018,1.0,3.0,SANT VICENT DEL RASPEIG/SAN VICENTE DEL RASPEIG,Vivienda 466338-A,2,3,5,ALICANTE/ALACANT,6927401YH1562N0042TL,N,CV-VUT0466338-A,124.00,
122,3,3690.0,"CL SAN JUAN, 24, Pl:03 Pt:IZ",2,N,19/01/2025,2.0,0.0,SANT VICENT DEL RASPEIG/SAN VICENTE DEL RASPEIG,Vivienda 513809-A,4,0,4,ALICANTE/ALACANT,6926005YH1562N0008ZB,N,CV-VUT0513809-A,73.00,
122,3,3690.0,"CL TIBI, 4, Pl:02 Pt:IZ",3,N,04/07/2023,1.0,2.0,SANT VICENT DEL RASPEIG/SAN VICENTE DEL RASPEIG,Vivienda 499821-A,2,2,4,ALICANTE/ALACANT,6527012YH1562N0011WB,N,CV-VUT0499821-A,93.00,
122,3,3690.0,"CL TORRES QUEVEDO, 18, Es:1 Pl:03 Pt:DR",3,N,30/09/2022,3.0,0.0,SANT VICENT DEL RASPEIG/SAN VICENTE DEL RASPEIG,Vivienda 492515-A,6,0,6,ALICANTE/ALACANT,6526106YH1562N0009ZZ,N,CV-VUT0492515-A,87.00,
122,3,3690.0,"CL TRAFALGAR, 1, Pl:01 Pt:DR",3,N,08/03/2018,1.0,2.0,SANT VICENT DEL RASPEIG/SAN VICENTE DEL RASPEIG,Vivienda 464462-A,2,2,4,ALICANTE/ALACANT,6232015YH1563S0002AH,N,CV-VUT0464462-A,86.00,
122,3,3690.0,"CL VALENCIA, 22, Pl:03 Pt:DR",3,N,12/06/2018,1.0,2.0,SANT VICENT DEL RASPEIG/SAN VICENTE DEL RASPEIG,Vivienda 468242-A,2,2,4,ALICANTE/ALACANT,7026005YH1572N0008FQ,N,CV-VUT0468242-A,97.00,
122,3,3690.0,"CL VELAZQUEZ, 32, Pl:01 Pt:DR",3,N,29/11/2023,3.0,0.0,SANT VICENT DEL RASPEIG/SAN VICENTE DEL RASPEIG,Vivienda 503543-A,6,0,6,ALICANTE/ALACANT,6427232YH1562N0002MF,N,CV-VUT0503543-A,95.00,
122,3,3690.0,"CL VELAZQUEZ, 33, Es:1 Pl:02 Pt:CN",4,N,07/05/2018,1.0,3.0,SANT VICENT DEL RASPEIG/SAN VICENTE DEL RASPEIG,Vivienda 466335-A,2,3,5,ALICANTE/ALACANT,6526001YH1562N0016XW,N,CV-VUT0466335-A,135.00,
122,3,3690.0,"CL VELAZQUEZ, 45, Es:1 Pl:00 Pt:IZ",4,N,08/04/2025,1.0,3.0,SANT VICENT DEL RASPEIG/SAN VICENTE DEL RASPEIG,,2,3,5,ALICANTE/ALACANT,6526006YH1562N0002PF,N,CV-VUT0515786-A,103.00,
122,3,3690.0,"CL ZORRILLA, 10H, Pl:02 Pt:3",3,N,04/06/2019,1.0,2.0,SANT VICENT DEL RASPEIG/SAN VICENTE DEL RASPEIG,Vivienda 476393-A,2,2,4,ALICANTE/ALACANT,6927401YH1562N0078OM,N,CV-VUT0476393-A,100.00,
122,3,3690.0,"CM COVES LES, 19, Es:T Pl:OD Pt:OS",5,N,16/10/2017,5.0,0.0,SANT VICENT DEL RASPEIG/SAN VICENTE DEL RASPEIG,Vivienda 459215-A,10,0,10,ALICANTE/ALACANT,6653014YH1565S0001ZE,N,CV-VUT0459215-A,222.00,
122,3,3690.0,"CM MAHONES DEL, 20, Es:T Pl:OD Pt:OS",9,N,24/04/2025,9.0,0.0,SANT VICENT DEL RASPEIG/SAN VICENTE DEL RASPEIG,,18,0,18,ALICANTE/ALACANT,8230004YH1583S0001MM,N,CV-VUT0516196-A,633.00,
122,3,3690.0,"CM MONTNEGRE, 19, Es:TO Pl:DO Pt:S",6,N,08/05/2024,5.0,1.0,SANT VICENT DEL RASPEIG/SAN VICENTE DEL RASPEIG,Vivienda 507848-A,10,1,11,ALICANTE/ALACANT,4171602YH1547S0001GY,N,CV-VUT0507848-A,424.00,
122,3,3690.0,"CM SENDERA DE LA, 106, Es:T Pl:OD Pt:OS",4,N,18/11/2025,4.0,0.0,SANT VICENT DEL RASPEIG/SAN VICENTE DEL RASPEIG,VILLA MULET,8,0,8,ALICANTE/ALACANT,7047006YH1564N0001XQ,N,CV-VUT0519157-A,82.00,
122,3,3690.0,"CR AGOST, 18, Es:1 Pl:00 Pt:04",1,N,29/03/2023,1.0,0.0,SANT VICENT DEL RASPEIG/SAN VICENTE DEL RASPEIG,Vivienda 496650-A,2,0,2,ALICANTE/ALACANT,6132001YH1563S0068FK,N,CV-VUT0496650-A,202.00,
122,3,3690.0,"CR CASTALLA, 46, Es:TO Pl:DO Pt:S",6,N,06/06/2023,5.0,1.0,SANT VICENT DEL RASPEIG/SAN VICENTE DEL RASPEIG,Vivienda 498903-A,10,1,11,ALICANTE/ALACANT,5054004YH1545S0001ZK,N,CV-VUT0498903-A,528.00,
122,3,3690.0,"CR CASTALLA, 77, Es:T Pl:OD Pt:OS",4,N,12/11/2019,4.0,0.0,SANT VICENT DEL RASPEIG/SAN VICENTE DEL RASPEIG,Vivienda 479655-A,8,0,8,ALICANTE/ALACANT,4458170YH1545N0001FP,N,CV-VUT0479655-A,296.00,
122,3,3690.0,"CR CASTALLA, 79, Pl:00",5,N,12/11/2019,5.0,0.0,SANT VICENT DEL RASPEIG/SAN VICENTE DEL RASPEIG,Vivienda 479656-A,10,0,10,ALICANTE/ALACANT,4458128YH1545N0001QP,N,CV-VUT0479656-A,195.00,
122,3,3690.0,"PD BOQUERES POLIG D, 50, Es:T Pl:OD Pt:OS",12,N,20/04/2018,12.0,0.0,SANT VICENT DEL RASPEIG/SAN VICENTE DEL RASPEIG,Vivienda 465784-A,24,0,24,ALICANTE/ALACANT,03122A004000820001QI,N,CV-VUT0465784-A,610.00,
122,3,3690.0,"PD RASPEIG POLIG F, 50, Es:T Pl:OD Pt:OS",2,N,26/02/2025,2.0,0.0,SANT VICENT DEL RASPEIG/SAN VICENTE DEL RASPEIG,The chimney house,4,0,4,ALICANTE/ALACANT,000204900YH15D0001XK,S,CV-VUT0514567-A,104.00,
122,3,3690.0,"PD RASPEIG POLIG G, 52, Pl:01",1,N,10/11/2024,1.0,0.0,SANT VICENT DEL RASPEIG/SAN VICENTE DEL RASPEIG,Vivienda 512669-A,2,0,2,ALICANTE/ALACANT,000204000YH15D0001PK,S,CV-VUT0512669-A,274.00,
122,3,3690.0,"PD TORREGROSES POLIG C, 67, Es:TO Pl:DO Pt:S",1,N,20/06/2023,1.0,0.0,SANT VICENT DEL RASPEIG/SAN VICENTE DEL RASPEIG,Vivienda 499396-A,2,0,2,ALICANTE/ALACANT,9024004YH1592S0001FP,N,CV-VUT0499396-A,193.00,
122,3,3690.0,"PD TORREGROSES POLIG C, 88, Es:T Pl:OD Pt:OS",4,N,07/03/2026,4.0,0.0,SANT VICENT DEL RASPEIG/SAN VICENTE DEL RASPEIG,,8,0,8,ALICANTE/ALACANT,9022013YH1582S0001SY,N,CV-VUT0520455-A,322.00,
122,3,3690.0,"PS NENUFARES DE LOS, 7B, Es:T Pl:OD Pt:OS",4,N,06/05/2024,4.0,0.0,SANT VICENT DEL RASPEIG/SAN VICENTE DEL RASPEIG,Vivienda 508218-A,8,0,8,ALICANTE/ALACANT,8116122YH1581N0001AR,N,CV-VUT0508218-A,220.00,
122,3,3690.0,"PS OLIVOS, 69, Pl:00",3,N,24/05/2021,3.0,0.0,SANT VICENT DEL RASPEIG/SAN VICENTE DEL RASPEIG,Vivienda 486157-A,6,0,6,ALICANTE/ALACANT,8420009YH1582S0001JY,N,CV-VUT0486157-A,211.00,
122,3,3690.0,"PS ROSALES LOS, 14A, Es:T Pl:OD Pt:OS",5,N,15/02/2018,5.0,0.0,SANT VICENT DEL RASPEIG/SAN VICENTE DEL RASPEIG,Vivienda 463786-A,10,0,10,ALICANTE/ALACANT,8116114YH1581N0001SR,N,CV-VUT0463786-A,138.00,
