id;mercado;tipo_oferta;fuente;fecha_captura;temporada;habitaciones;m2;banos;zona;tiene_precio;unidad_precio;precio_eur_mes;precio_eur_noche;precio_eur_venta;precio_por_m2;es_comparable_arquetipo;marca_calidad;descripcion
1;alquiler_residencial;anual/no_especificado;idealista;2026-08-24;;3.0;90.0;;Centro;True;EUR/mes;1200.0;;;13.33;True;;"Piso Centro | 1200 | Ático estudiantes; frente universidad; suministros incluidos"
2;alquiler_residencial;anual/no_especificado;idealista;2026-08-24;;4.0;90.0;;Centro;True;EUR/mes;1300.0;;;14.44;False;;"Piso Centro | 1300 | Estudiantes; 4 habitaciones; 2 baños"
3;alquiler_residencial;anual/no_especificado;idealista;2026-08-24;;3.0;95.0;;Centro;True;EUR/mes;900.0;;;9.47;True;;"Piso Centro | 900 | Estudiantes; muy cerca UA"
4;alquiler_residencial;anual/no_especificado;idealista;2026-08-24;;3.0;120.0;;Centro;True;EUR/mes;1250.0;;;10.42;True;;"Piso Ciudad Jardín | 1250 | Estudiantes UA; moderno; 98 m² útiles"
5;alquiler_residencial;anual/no_especificado;idealista;2026-08-24;;3.0;100.0;;Centro;True;EUR/mes;930.0;;;9.3;True;;"Piso Calle Alicante, 66 | 930 | Escasos metros campus; preferiblemente estudiantes"
6;alquiler_residencial;anual/no_especificado;idealista;2026-08-24;;3.0;100.0;;Centro;True;EUR/mes;1400.0;;;14.0;True;;"Piso Calle Portugal | 1400 | Exclusivo estudiantes; <5 min UA"
7;alquiler_residencial;anual/no_especificado;idealista;2026-08-24;;1.0;80.0;;Alcalde Felipe Mallol;True;EUR/mes;770.0;;;9.62;False;;"Piso Alcalde Felipe Mallol | 770 | Garaje incluido; disponible septiembre 2026"
8;alquiler_residencial;anual/no_especificado;idealista;2026-08-24;;3.0;77.0;;Centro;True;EUR/mes;960.0;;;12.47;True;;"Piso Centro | 960 | Estudiantes; amueblado; cerca UA"
9;alquiler_residencial;anual/no_especificado;idealista;2026-08-24;;3.0;100.0;;Centro;True;EUR/mes;1050.0;;;10.5;True;;"Piso Centro | 1050 | Estudiantes; avenida principal; suministros no incluidos"
10;alquiler_residencial;anual/no_especificado;idealista;2026-08-24;;2.0;75.0;;Los Girasoles;True;EUR/mes;1250.0;;;16.67;False;;"Casa Camino de la Providencia | 1250 | Chalet independiente; sin amueblar"
11;alquiler_residencial;temporada;idealista;2026-08-24;;3.0;164.0;;Centro;True;EUR/mes;1100.0;;;6.71;False;;"Casa Calle Capitán Torregrosa, 8 | 1100 | Vivienda entera para 3 estudiantes; temporada/larga"
12;alquiler_residencial;anual/no_especificado;idealista;2026-08-24;;3.0;106.0;;Centro;True;EUR/mes;900.0;;;8.49;True;;"Piso Castellet, 6 | 900 | Solo estudiantes UA; 10 meses"
13;alquiler_residencial;temporada;idealista;2026-08-24;;0.0;42.0;;Centro;True;EUR/mes;630.0;;;15.0;False;;"Estudio Calle Pizarro | 630 | 200 m UA; estudiantes; temporada"
14;alquiler_residencial;temporada;idealista;2026-08-24;;4.0;90.0;;Centro;True;EUR/mes;980.0;;;10.89;False;;"Piso en Calle Torres Quevedo, 29 | 980 | Temporada lectiva estudiantes; terraza"
15;alquiler_residencial;anual/no_especificado;idealista;2026-08-24;;2.0;65.0;;Los Girasoles;True;EUR/mes;800.0;;;12.31;False;;"Casa independiente Ronda del Mahones, 14 | 800 | Curso 26/27; estudiantes; suministros incluidos; garaje"
16;alquiler_residencial;anual/no_especificado;idealista;2026-08-24;;3.0;102.0;;Centro;True;EUR/mes;900.0;;;8.82;True;;"Piso Calle Pintor Murillo, 9 | 900 | Curso escolar; preferentemente estudiantes"
17;alquiler_residencial;anual/no_especificado;idealista;2026-08-24;;1.0;50.0;;Sol y Luz;True;EUR/mes;850.0;;;17.0;False;;"Casa de campo Camino de la Sendera | 850 | Finca rústica; larga descripción rural"
18;alquiler_residencial;temporada;idealista;2026-08-24;;4.0;110.0;;Centro;True;EUR/mes;1300.0;;;11.82;False;;"Dúplex Calle Aeroplano, 2 | 1300 | A pie de campus; 4 chicas universitarias; temporada"
19;alquiler_residencial;anual/no_especificado;idealista;2026-08-24;;0.0;45.0;;Centro;True;EUR/mes;900.0;;;20.0;False;;"Estudio Centro | 900 | Estudio 40-45 m²; céntrico"
20;alquiler_residencial;anual/no_especificado;idealista;2026-08-24;;3.0;100.0;;Haygon - Universidad;True;EUR/mes;850.0;;;8.5;True;;Piso Calle Colonia Santa Isabel, 2 | 850 | Características no detalladas en resultado
21;alquiler_residencial;temporada;idealista;2026-08-24;;3.0;100.0;;Villamontes-Boqueres;True;EUR/mes;1600.0;;;16.0;False;;"Casa Calle del Gantxo, 3 | 1600 | Piscina privada; 2 baños + aseo; temporada"
22;alquiler_residencial;anual/no_especificado;idealista;2026-08-24;;2.0;80.0;;Centro;True;EUR/mes;825.0;;;10.31;False;;"Piso Pi y Margall, 71 | 825 | Amueblado; 10 min UA; TRAM/Cercanías"
23;alquiler_residencial;temporada;idealista;2026-08-24;;3.0;100.0;;Centro;True;EUR/mes;899.0;;;8.99;False;;"Piso Calle Castellet, 6 | 899 | Estudiantes; a pasos de UA; temporada"
24;alquiler_residencial;anual/no_especificado;idealista;2026-08-24;;1.0;40.0;;Alcalde Felipe Mallol;True;EUR/mes;750.0;;;18.75;False;;"Piso Alcalde Felipe Mallol | 750 | Larga estancia; estudio; 2 balcones"
25;alquiler_residencial;anual/no_especificado;idealista;2026-08-24;;3.0;105.0;;Centro;True;EUR/mes;850.0;;;8.1;True;;"Piso Calle Velázquez, 32 | 850 | Larga estancia; amueblado; cerca TRAM y universidad"
26;alquiler_residencial;anual/no_especificado;idealista;2026-08-24;;3.0;95.0;;Centro;True;EUR/mes;1080.0;;;11.37;True;;"Piso Calle Bailén, 65 | 1080 | Preferiblemente estudiantes; 5 min UA"
27;alquiler_residencial;temporada;idealista;2026-08-24;;5.0;120.0;;Centro;True;EUR/mes;1450.0;;;12.08;False;;"Piso Calle Montoyos | 1450 | 5 dormitorios; 15 min UA; temporada"
28;alquiler_residencial;anual/no_especificado;idealista;2026-08-24;;5.0;100.0;;Centro;True;EUR/mes;1900.0;;;19.0;False;;"Piso Avenida de la Llibertat, 13 | 1900 | Reformado; estudiantes; junto UA"
29;alquiler_residencial;anual/no_especificado;idealista;2026-08-24;;4.0;130.0;;Centro;True;EUR/mes;1200.0;;;9.23;False;;"Piso Calle Gabriel Miró, 34 | 1200 | Por habitaciones; estudiantes; 5 min UA"
30;alquiler_residencial;anual/no_especificado;idealista;2026-08-24;;3.0;90.0;;Centro;True;EUR/mes;990.0;;;11.0;True;;"Piso en Calle San Juan, 27 | 990 | Solo estudiantes; sep-2026 a jul-2027"
31;alquiler_residencial;anual/no_especificado;fotocasa;2026-08-24;;3.0;100.0;1.0;Norte;True;EUR/mes;950.0;;;9.5;True;;"Norte | 950 | Vivienda completa; sin indicación de estudiantes"
32;alquiler_residencial;temporada;fotocasa;2026-08-24;;2.0;80.0;1.0;Norte;True;EUR/mes;900.0;;;11.25;False;;"190?MANUELDOMINGUEZ | 900 | Reformado; amueblado; sin ascensor"
33;alquiler_residencial;anual/no_especificado;fotocasa;2026-08-24;;2.0;75.0;2.0;Parque Lo Torrent;True;EUR/mes;1150.0;;;15.33;False;;"190?RIUALGAR | 1150 | Piscina; garaje; terraza; amueblado"
34;alquiler_residencial;temporada;fotocasa;2026-08-24;;3.0;75.0;1.0;Norte;True;EUR/mes;900.0;;;12.0;False;;"190?PINTORSOROLLA | 900 | Exclusivamente estudiantes 2026/27; WiFi incluido"
35;alquiler_residencial;temporada;fotocasa;2026-08-24;;1.0;;1.0;Centro;True;EUR/mes;1275.0;;;;False;;190?ESTUDIO1 | 1275 | Estudios para estudiantes/personal UA
36;alquiler_residencial;temporada;fotocasa;2026-08-24;;3.0;;;Centro;True;EUR/mes;1050.0;;;;False;;"190?GENERALIBANEZ2 | 1050 | Solo estudiantes; reformado"
37;alquiler_residencial;temporada;fotocasa;2026-08-24;;4.0;95.0;2.0;Centro;True;EUR/mes;900.0;;;9.47;False;;190?TIBI2 | 900 | Solo chicas estudiantes
38;alquiler_residencial;temporada;fotocasa;2026-08-24;;4.0;90.0;2.0;Norte;True;EUR/mes;1000.0;;;11.11;False;;190?ALCORAYA2 | 1000 | Exclusivo estudiantes
39;alquiler_residencial;temporada;fotocasa;2026-08-24;;3.0;;;Centro;True;EUR/mes;1050.0;;;;False;;"190?PARTICULARES | 1050 | Solo estudiantes; recién reformado"
40;alquiler_residencial;temporada;fotocasa;2026-08-24;;1.0;;;Centro;True;EUR/mes;1275.0;;;;False;;"190?ESTUDIO2 | 1275 | Estudio completo; equipamiento premium"
41;alquiler_residencial;anual/no_especificado;fotocasa;2026-08-24;;2.0;56.0;1.0;Centro;True;EUR/mes;950.0;;;16.96;False;;"Centro | 950 | Amueblado; terraza"
42;alquiler_residencial;temporada;fotocasa;2026-08-24;;3.0;92.0;1.0;Centro;True;EUR/mes;1050.0;;;11.41;False;;"Calle General Ibáñez, 31 | 1050 | Solo estudiantes; reformado"
43;alquiler_residencial;temporada;fotocasa;2026-08-24;;4.0;127.0;2.0;Centro;True;EUR/mes;1200.0;;;9.45;False;;"Centro | 1200 | Solo estudiantes UA; 10 min UA"
44;alquiler_residencial;temporada;fotocasa;2026-08-24;;4.0;109.0;2.0;Norte;True;EUR/mes;800.0;;;7.34;False;;"Norte | 800 | Solo estudiantes; reformado"
45;alquiler_residencial;temporada;fotocasa;2026-08-24;;3.0;110.0;1.0;Centro;True;EUR/mes;825.0;;;7.5;False;;190?HUERTA | 825 | Solo estudiantes 2026/27
46;alquiler_residencial;anual/no_especificado;fotocasa;2026-08-24;;3.0;100.0;2.0;Centro;True;EUR/mes;1150.0;;;11.5;True;;"190?CURAFRANCISCO | 1150 | Amueblado; ascensor; balcón; A/A; calefacción"
47;alquiler_residencial;anual/no_especificado;idealista;2026-08-24;;3.0;117.0;;Centro;True;EUR/mes;1050.0;;;8.97;True;;"Piso Calle Hernán Cortés, 3 | 1050 | Estudiantes; 2 baños"
48;alquiler_residencial;anual/no_especificado;idealista;2026-08-24;;3.0;90.0;;Centro;True;EUR/mes;975.0;;;10.83;True;;"Piso Centro | 975 | Estudiantes; Plaza Santa Faz"
49;alquiler_residencial;anual/no_especificado;fotocasa;2026-08-24;;4.0;90.0;2.0;Centro;True;EUR/mes;250.0;;;2.78;False;m2_sospechoso;190466156 | 250 | Habitaciones solo estudiantes
50;alquiler_residencial;anual/no_especificado;fotocasa;2026-08-24;;3.0;900.0;2.0;Centro;True;EUR/mes;900.0;;;1.0;False;m2_sospechoso;"190009165 | 900 | Solo estudiantes; junto Universidad"
51;alquiler_residencial;anual/no_especificado;fotocasa;2026-08-24;;4.0;110.0;2.0;Centro;True;EUR/mes;340.0;;;3.09;False;;"190131831 | 340 | Solo estudiantes; 20 min UA; internet"
52;alquiler_residencial;anual/no_especificado;fotocasa;2026-08-24;;3.0;120.0;2.0;Centro;True;EUR/mes;810.0;;;6.75;True;;190426057 | 810 | Se alquilan habitaciones a 270 €/mes
53;alquiler_residencial;anual/no_especificado;fotocasa;2026-08-24;;3.0;220.0;2.0;Centro;True;EUR/mes;1200.0;;;5.45;False;;"190501594 | 1200 | Ático; 220 m²; piscina; garaje"
54;alquiler_residencial;anual/no_especificado;fotocasa;2026-08-24;;3.0;100.0;2.0;Parque Lo Torrent;True;EUR/mes;1100.0;;;11.0;True;;"Parque Lo Torrent | 1100 | Vivienda completa; sin indicación de estudiantes"
55;alquiler_residencial;temporada;idealista;2026-08-24;;3.0;120.0;;Centro;True;EUR/mes;1230.0;;;10.25;False;;"Piso en Centro | 1230 | Junto a Universidad; zona verde/peatonal; alquiler de temporada"
56;alquiler_residencial;anual/no_especificado;idealista;2026-08-24;;4.0;125.0;;Centro;True;EUR/mes;1260.0;;;10.08;False;;"Piso en Calle Alicante | 1260 | 200 m de la UA; equipado para estudiantes"
57;alquiler_residencial;temporada;idealista;2026-08-24;;4.0;134.0;;Centro;True;EUR/mes;1300.0;;;9.7;False;;"Piso en Dr Trueta | 1300 | Exclusivo estudiantes UA; temporada"
58;alquiler_residencial;anual/no_especificado;idealista;2026-08-24;;2.0;80.0;;Centro;True;EUR/mes;950.0;;;11.88;False;;"Piso en Centro | 950 | Lo Torrent; suministros no incluidos"
59;alquiler_residencial;anual/no_especificado;idealista;2026-08-24;;4.0;85.0;;Centro;True;EUR/mes;1200.0;;;14.12;False;;"Piso en Calle San Juan | 1200 | Alquiler temporal; disponible octubre"
60;alquiler_residencial;temporada;idealista;2026-08-24;;3.0;117.0;;Alcalde Felipe Mallol;True;EUR/mes;960.0;;;8.21;False;;"Piso en Calle Las Navas, 12 | 960 | Reformado; 90 m² útiles; temporada"
61;alquiler_residencial;temporada;idealista;2026-08-24;;2.0;68.0;;Haygon - Universidad;True;EUR/mes;795.0;;;11.69;False;;"Piso en Colonia Santa Isabel | 795 | Temporada 11 meses; reformado"
62;alquiler_residencial;anual/no_especificado;idealista;2026-08-24;;4.0;100.0;;Centro;True;EUR/mes;1000.0;;;10.0;False;;"Piso en Echegaray | 1000 | Estudiantes; terraza; 1 baño + aseo"
63;alquiler_residencial;temporada;idealista;2026-08-24;;4.0;120.0;;Centro;True;EUR/mes;1100.0;;;9.17;False;;"Piso en Calle Alicante, 56 | 1100 | Estudiantes; 5 min andando UA; temporada"
64;alquiler_residencial;anual/no_especificado;idealista;2026-08-24;;3.0;90.0;;Centro;True;EUR/mes;950.0;;;10.56;True;;"Piso en Calle Cura Francisco Maestre, 4 | 950 | Estudiantes; 9 min UA; gastos no incluidos"
65;alquiler_residencial;anual/no_especificado;idealista;2026-08-24;;3.0;115.0;;Haygon - Universidad;True;EUR/mes;950.0;;;8.26;True;;"Piso en Colonia Santa Isabel, 52 | 950 | Solo estudiantes; 5 min UA; sep-jun"
66;alquiler_residencial;anual/no_especificado;idealista;2026-08-24;;5.0;132.0;;Centro;True;EUR/mes;1475.0;;;11.17;False;;"Piso en Centro | 1475 | Estudiantes; cinco habitaciones"
67;alquiler_residencial;temporada;idealista;2026-08-24;;4.0;382.0;;Centro;True;EUR/mes;930.0;;;2.43;False;m2_sospechoso;"Piso en Bailen | 930 | Temporada estudiantes; 5 min UA; 250 €/habitación"
68;alquiler_residencial;anual/no_especificado;idealista;2026-08-24;;6.0;200.0;;Centro;True;EUR/mes;2100.0;;;10.5;False;;"Casa independiente Calle Major | 2100 | Septiembre-junio; solo estudiantes; garaje"
69;alquiler_residencial;temporada;idealista;2026-08-24;;4.0;135.0;;Centro;True;EUR/mes;1500.0;;;11.11;False;;"Piso en Sevilla | 1500 | Temporada; piscina en azotea"
70;alquiler_residencial;anual/no_especificado;idealista;2026-08-24;;3.0;89.0;;Alcalde Felipe Mallol;True;EUR/mes;850.0;;;9.55;True;;"Piso en Alcalde Felipe Mallol | 850 | Estudiantes; zona Canastell"
71;alquiler_residencial;temporada;fotocasa;2026-08-26;;4.0;142.0;;Centro;True;EUR/mes;350.0;;;2.46;False;m2_sospechoso;350 | Centro | Balcon (chalet)
72;alquiler_residencial;anual/no_especificado;fotocasa;2026-08-26;;4.0;100.0;;Centro;True;EUR/mes;1400.0;;;14.0;False;;1400 | Centro | adosada
73;alquiler_residencial;anual/no_especificado;fotocasa;2026-08-26;;4.0;14.0;;Villamontes-Boqueres;True;EUR/mes;400.0;;;28.57;False;;400 | Villamontes-Boqueres | Terraza
74;alquiler_residencial;temporada;idealista;2026-08-26;;4.0;100.0;;;True;EUR/mes;1150.0;;;11.5;False;;1.150€/mes | 4 hab.|100 m²|6ª planta exterior con ascensor
75;alquiler_residencial;anual/no_especificado;fotocasa;2026-08-26;;4.0;126.0;;Centro;True;EUR/mes;1200.0;;;9.52;False;;1200 | Centro | 3a Planta
76;alquiler_residencial;temporada;fotocasa;2026-08-26;;3.0;80.0;;Norte;True;EUR/mes;850.0;;;10.62;False;;850 | Norte | 3a Planta
77;alquiler_residencial;temporada;fotocasa;2026-08-26;;4.0;99.0;;Norte;True;EUR/mes;770.0;;;7.78;False;;770 | Norte | Bajos
78;alquiler_residencial;anual/no_especificado;fotocasa;2026-08-26;;4.0;100.0;;Centro;True;EUR/mes;1100.0;;;11.0;False;;1100 | Centro | 1a Planta
79;alquiler_residencial;anual/no_especificado;fotocasa;2026-08-26;;5.0;120.0;;Norte;True;EUR/mes;1750.0;;;14.58;False;;1750 | Norte | 3a Planta
80;alquiler_residencial;anual/no_especificado;fotocasa;2026-08-26;;5.0;90.0;;Centro;True;EUR/mes;1450.0;;;16.11;False;;1450 | Centro | 2a Planta
81;alquiler_residencial;temporada;idealista;2026-08-26;;6.0;200.0;;;True;EUR/mes;1200.0;;;6.0;False;;1.200€/mes | Garaje incluido|6 hab.|200 m²
82;alquiler_residencial;temporada;idealista;2026-08-26;;3.0;90.0;;;True;EUR/mes;800.0;;;8.89;False;;800€/mes | 3 hab.|90 m²|Bajo interior sin ascensor
83;alquiler_residencial;anual/no_especificado;idealista;2026-08-26;;3.0;91.0;;;True;EUR/mes;925.0;;;10.16;True;;925€/mes | Garaje incluido|3 hab.|91 m²|1ª planta exterior con ascensor
84;alquiler_residencial;anual/no_especificado;idealista;2026-08-26;;4.0;111.0;;;True;EUR/mes;1200.0;;;10.81;False;;1.200€/mes | 4 hab.|111 m²|3ª planta exterior con ascensor
85;alquiler_residencial;anual/no_especificado;idealista;2026-08-26;;4.0;140.0;;;True;EUR/mes;1200.0;;;8.57;False;;1.200€/mes | 4 hab.|140 m²|4ª planta exterior sin ascensor
86;alquiler_residencial;anual/no_especificado;idealista;2026-08-26;;3.0;86.0;;;True;EUR/mes;1080.0;;;12.56;True;;1.080€/mes | Garaje incluido|3 hab.|86 m²|4ª planta exterior con ascensor
87;alquiler_residencial;anual/no_especificado;idealista;2026-08-26;;2.0;80.0;;;True;EUR/mes;1200.0;;;15.0;False;;1.200€/mes | 2 hab.|80 m²|5ª planta exterior con ascensor
88;alquiler_residencial;temporada;idealista;2026-08-26;;4.0;113.0;;;True;EUR/mes;1300.0;;;11.5;False;;1.300€/mes | 4 hab.|113 m²|Bajo exterior con ascensor
89;alquiler_residencial;temporada;idealista;2026-08-26;;3.0;100.0;;;True;EUR/mes;880.0;;;8.8;False;;880€/mes | 3 hab.|100 m²|1ª planta exterior con ascensor
90;alquiler_residencial;temporada;idealista;2026-08-26;;5.0;160.0;;;True;EUR/mes;1400.0;;;8.75;False;;1.400€/mes | 5 hab.|160 m²|1ª planta exterior sin ascensor
91;alquiler_residencial;anual/no_especificado;idealista;2026-08-26;;3.0;90.0;;;True;EUR/mes;850.0;;;9.44;True;;850€/mes | 3 hab.|90 m²|exterior con ascensor
92;alquiler_residencial;anual/no_especificado;idealista;2026-08-26;;3.0;100.0;;;True;EUR/mes;1200.0;;;12.0;True;;1.200€/mes | 3 hab.|100 m²|2ª planta exterior con ascensor
93;alquiler_residencial;anual/no_especificado;idealista;2026-08-26;;4.0;120.0;;;True;EUR/mes;1250.0;;;10.42;False;;1.250€/mes | 4 hab.|120 m²|exterior con ascensor
94;alquiler_residencial;temporada;idealista;2026-08-26;;5.0;140.0;;;True;EUR/mes;1400.0;;;10.0;False;;1.400€/mes | 5 hab.|140 m²|2ª planta exterior sin ascensor
95;alquiler_residencial;anual/no_especificado;idealista;2026-08-26;;4.0;90.0;;;True;EUR/mes;1200.0;;;13.33;False;;1.200€/mes | 4 hab.|90 m²|3ª planta exterior con ascensor
96;alquiler_residencial;temporada;idealista;2026-09-10;;4.0;100.0;;Centro;True;EUR/mes;900.0;;;9.0;False;;Anuncio 111950477 (Centro) | 900 | Alquiler de temporada
97;alquiler_residencial;temporada;idealista;2026-09-10;;4.0;110.0;;Centro;True;EUR/mes;1000.0;;;9.09;False;;Anuncio 98416215 (Centro) | 1000 | Alquiler de temporada
98;alquiler_residencial;anual/no_especificado;idealista;2026-09-10;;4.0;140.0;;;True;EUR/mes;900.0;;;6.43;False;;
99;alquiler_residencial;temporada;idealista;2026-09-10;;4.0;116.0;;;True;EUR/mes;1200.0;;;10.34;False;;Anuncio 112491229 | 1200 | Alquiler de temporada
100;alquiler_residencial;temporada;idealista;2026-09-10;;4.0;111.0;;Alcalde Felipe Mallol;True;EUR/mes;980.0;;;8.83;False;;Anuncio 108392486 (Alcalde Felipe Mallol) | 980 | Alquiler de temporada
101;alquiler_residencial;anual/no_especificado;idealista;2026-09-10;;3.0;90.0;;Centro;True;EUR/mes;900.0;;;10.0;True;;
102;alquiler_residencial;temporada;idealista;2026-09-10;;5.0;250.0;;Los Girasoles;True;EUR/mes;3200.0;;;12.8;False;;Anuncio 112472408 (Los Girasoles) | 3200 | Alquiler de temporada
103;alquiler_residencial;temporada;idealista;2026-09-10;;;45.0;;Alcalde Felipe Mallol;True;EUR/mes;700.0;;;15.56;False;;Anuncio 111974442 (Alcalde Felipe Mallol) | 700 | Alquiler de temporada
104;alquiler_residencial;temporada;idealista;2026-09-10;;4.0;110.0;;Centro;True;EUR/mes;1100.0;;;10.0;False;;Anuncio 112091993 (Centro) | 1100 | Alquiler de temporada
105;alquiler_residencial;temporada;idealista;2026-09-10;;6.0;200.0;;Centro;True;EUR/mes;1150.0;;;5.75;False;;Anuncio 112474042 (Centro) | 1150 | Alquiler de temporada
106;alquiler_residencial;temporada;idealista;2026-09-10;;3.0;130.0;;Centro;True;EUR/mes;900.0;;;6.92;False;;Anuncio 111697774 (Centro) | 900 | Alquiler de temporada
107;alquiler_residencial;temporada;idealista;2026-09-10;;4.0;110.0;;Centro;True;EUR/mes;1000.0;;;9.09;False;;Anuncio 112365401 (Centro) | 1000 | Alquiler de temporada
108;alquiler_residencial;anual/no_especificado;idealista;2026-09-10;;4.0;145.0;;Alcalde Felipe Mallol;True;EUR/mes;1100.0;;;7.59;False;;
109;alquiler_residencial;temporada;idealista;2026-09-10;;3.0;92.0;;Centro;True;EUR/mes;990.0;;;10.76;False;;Anuncio 112288930 (Centro) | 990 | Alquiler de temporada
110;alquiler_residencial;anual/no_especificado;idealista;2026-09-10;;4.0;116.0;;;True;EUR/mes;1100.0;;;9.48;False;;
111;alquiler_residencial;temporada;idealista;2026-09-10;;3.0;95.0;;Centro;True;EUR/mes;1050.0;;;11.05;False;;Anuncio 104856742 (Centro) | 1050 | Alquiler de temporada
112;alquiler_residencial;temporada;idealista;2026-09-10;;3.0;83.0;;;True;EUR/mes;850.0;;;10.24;False;;Anuncio 112492572 | 850 | Alquiler de temporada
113;alquiler_residencial;anual/no_especificado;idealista;2026-09-10;;3.0;75.0;;Centro;True;EUR/mes;1000.0;;;13.33;True;;
114;alquiler_residencial;temporada;idealista;2026-09-10;;3.0;104.0;;Centro;True;EUR/mes;990.0;;;9.52;False;;Anuncio 112508781 (Centro) | 990 | Alquiler de temporada
115;alquiler_residencial;temporada;idealista;2026-09-10;;4.0;120.0;;Centro;True;EUR/mes;1000.0;;;8.33;False;;Anuncio 105831233 (Centro) | 1000 | Alquiler de temporada
116;alquiler_residencial;temporada;idealista;2026-09-10;;3.0;117.0;;Alcalde Felipe Mallol;True;EUR/mes;900.0;;;7.69;False;;Anuncio 112079183 (Alcalde Felipe Mallol) | 900 | Alquiler de temporada
117;alquiler_residencial;anual/no_especificado;idealista;2026-09-10;;3.0;90.0;;Sol y Luz;True;EUR/mes;1290.0;;;14.33;True;;
118;alquiler_residencial;anual/no_especificado;idealista;2026-09-10;;2.0;80.0;;;True;EUR/mes;1100.0;;;13.75;False;;
119;alquiler_residencial;anual/no_especificado;idealista;2026-09-10;;4.0;124.0;;Los Girasoles;True;EUR/mes;1300.0;;;10.48;False;;
120;alquiler_residencial;anual/no_especificado;idealista;2026-09-10;;3.0;100.0;;Centro;True;EUR/mes;900.0;;;9.0;True;;
121;alquiler_residencial;temporada;idealista;2026-09-10;;2.0;75.0;;Centro;True;EUR/mes;800.0;;;10.67;False;;Anuncio 112082386 (Centro) | 800 | Alquiler de temporada
122;alquiler_residencial;temporada;idealista;2026-09-10;;3.0;100.0;;Alcalde Felipe Mallol;True;EUR/mes;960.0;;;9.6;False;;Anuncio 112393388 (Alcalde Felipe Mallol) | 960 | Alquiler de temporada
123;alquiler_residencial;temporada;idealista;2026-09-10;;;42.0;;Centro;True;EUR/mes;630.0;;;15.0;False;;Anuncio 112086553 (Centro) | 630 | Alquiler de temporada
124;alquiler_residencial;temporada;idealista;2026-09-10;;4.0;152.0;;Centro;True;EUR/mes;1100.0;;;7.24;False;;Anuncio 112337892 (Centro) | 1100 | Alquiler de temporada
125;alquiler_residencial;anual/no_especificado;idealista;2026-09-10;;3.0;120.0;;Centro;True;EUR/mes;1100.0;;;9.17;True;;
126;alquiler_residencial;temporada;idealista;2026-09-10;;5.0;120.0;;Centro;True;EUR/mes;1400.0;;;11.67;False;;Anuncio 112258110 (Centro) | 1400 | Alquiler de temporada
127;alquiler_residencial;temporada;idealista;2026-09-10;;3.0;112.0;;;True;EUR/mes;1050.0;;;9.38;False;;Anuncio 111764464 | 1050 | Alquiler de temporada
128;alquiler_residencial;anual/no_especificado;idealista;2026-09-10;;3.0;160.0;;Centro;True;EUR/mes;1350.0;;;8.44;False;;
129;alquiler_residencial;temporada;idealista;2026-09-10;;4.0;110.0;;Centro;True;EUR/mes;1500.0;;;13.64;False;;Anuncio 105191370 (Centro) | 1500 | Alquiler de temporada
130;alquiler_residencial;anual/no_especificado;idealista;2026-09-10;;4.0;500.0;;Villamontes-Boqueres;True;EUR/mes;2400.0;;;4.8;False;;
131;alquiler_residencial;temporada;idealista;2026-09-10;;3.0;100.0;;Centro;True;EUR/mes;825.0;;;8.25;False;;Anuncio 111961649 (Centro) | 825 | Alquiler de temporada
132;alquiler_residencial;anual/no_especificado;idealista;2026-09-10;;3.0;90.0;;;True;EUR/mes;900.0;;;10.0;True;;
133;alquiler_residencial;temporada;idealista;2026-09-10;;4.0;137.0;;Centro;True;EUR/mes;860.0;;;6.28;False;;Anuncio 112367343 (Centro) | 860 | Alquiler de temporada
134;alquiler_residencial;temporada;idealista;2026-09-10;;;42.0;;Centro;True;EUR/mes;630.0;;;15.0;False;;Anuncio 112076150 (Centro) | 630 | Alquiler de temporada
135;alquiler_residencial;temporada;idealista;2026-09-10;;4.0;120.0;;Los Girasoles;True;EUR/mes;1000.0;;;8.33;False;;Anuncio 107741698 (Los Girasoles) | 1000 | Alquiler de temporada
136;alquiler_residencial;temporada;idealista;2026-09-10;;4.0;100.0;;Centro;True;EUR/mes;1200.0;;;12.0;False;;Anuncio 112382302 (Centro) | 1200 | Alquiler de temporada
137;alquiler_residencial;temporada;idealista;2026-09-10;;1.0;98.0;;Centro;True;EUR/mes;1520.0;;;15.51;False;;Anuncio 111306537 (Centro) | 1520 | Alquiler de temporada
138;alquiler_residencial;temporada;idealista;2026-09-10;;3.0;65.0;;Haygon - Universidad;True;EUR/mes;800.0;;;12.31;False;;Anuncio 112395024 (Haygon - Universidad) | 800 | Alquiler de temporada
139;alquiler_residencial;temporada;idealista;2026-09-10;;3.0;95.0;;Centro;True;EUR/mes;990.0;;;10.42;False;;Anuncio 112238150 (Centro) | 990 | Alquiler de temporada
140;alquiler_residencial;temporada;idealista;2026-09-10;;3.0;90.0;;Alcalde Felipe Mallol;True;EUR/mes;900.0;;;10.0;False;;Anuncio 108899268 (Alcalde Felipe Mallol) | 900 | Alquiler de temporada
141;alquiler_residencial;temporada;idealista;2026-09-10;;3.0;95.0;;Centro;True;EUR/mes;1000.0;;;10.53;False;;Anuncio 112156668 (Centro) | 1000 | Alquiler de temporada
142;alquiler_residencial;temporada;idealista;2026-09-10;;5.0;100.0;;Centro;True;EUR/mes;1750.0;;;17.5;False;;Anuncio 112054915 (Centro) | 1750 | Alquiler de temporada
143;alquiler_residencial;temporada;idealista;2026-09-10;;4.0;90.0;;Centro;True;EUR/mes;890.0;;;9.89;False;;Anuncio 94925525 (Centro) | 890 | Alquiler de temporada
144;alquiler_residencial;temporada;idealista;2026-09-10;;3.0;100.0;;Centro;True;EUR/mes;920.0;;;9.2;False;;Anuncio 105885500 (Centro) | 920 | Alquiler de temporada
145;alquiler_residencial;temporada;idealista;2026-09-10;;3.0;90.0;;;True;EUR/mes;900.0;;;10.0;False;;Anuncio 112075109 | 900 | Alquiler de temporada
146;alquiler_residencial;temporada;idealista;2026-09-10;;3.0;80.0;;;True;EUR/mes;1150.0;;;14.38;False;;Anuncio 112382424 | 1150 | Alquiler de temporada
147;alquiler_residencial;temporada;idealista;2026-09-10;;3.0;90.0;;Centro;True;EUR/mes;900.0;;;10.0;False;;Anuncio 98359478 (Centro) | 900 | Alquiler de temporada
148;alquiler_residencial;temporada;idealista;2026-09-10;;5.0;100.0;;Centro;True;EUR/mes;1500.0;;;15.0;False;;Anuncio 102020896 (Centro) | 1500 | Alquiler de temporada
149;alquiler_residencial;anual/no_especificado;idealista;2026-09-10;;4.0;111.0;;;True;EUR/mes;1100.0;;;9.91;False;;
150;alquiler_residencial;temporada;idealista;2026-09-10;;3.0;95.0;;Centro;True;EUR/mes;840.0;;;8.84;False;;Anuncio 98218271 (Centro) | 840 | Alquiler de temporada
151;alquiler_residencial;temporada;idealista;2026-09-10;;4.0;112.0;;Centro;True;EUR/mes;1100.0;;;9.82;False;;Anuncio 112360915 (Centro) | 1100 | Alquiler de temporada
152;alquiler_residencial;anual/no_especificado;idealista;2026-09-10;;3.0;100.0;;;True;EUR/mes;1300.0;;;13.0;True;;
153;alquiler_residencial;temporada;idealista;2026-09-10;;3.0;115.0;;Centro;True;EUR/mes;800.0;;;6.96;False;;Anuncio 112339175 (Centro) | 800 | Alquiler de temporada
154;alquiler_residencial;temporada;idealista;2026-09-10;;4.0;140.0;;Villamontes-Boqueres;True;EUR/mes;1600.0;;;11.43;False;;Anuncio 112456969 (Villamontes-Boqueres) | 1600 | Alquiler de temporada
155;alquiler_residencial;temporada;idealista;2026-09-10;;3.0;80.0;;Centro;True;EUR/mes;1000.0;;;12.5;False;;Anuncio 112473894 (Centro) | 1000 | Alquiler de temporada
156;alquiler_residencial;anual/no_especificado;idealista;2026-09-10;;4.0;126.0;;;True;EUR/mes;1050.0;;;8.33;False;;
157;alquiler_residencial;temporada;idealista;2026-09-10;;3.0;82.0;;Centro;True;EUR/mes;850.0;;;10.37;False;;Anuncio 112335464 (Centro) | 850 | Alquiler de temporada
158;alquiler_residencial;temporada;idealista;2026-09-10;;2.0;120.0;;;True;EUR/mes;1100.0;;;9.17;False;;Anuncio 112057741 | 1100 | Alquiler de temporada
159;alquiler_residencial;anual/no_especificado;idealista;2026-09-10;;4.0;120.0;;Centro;True;EUR/mes;1300.0;;;10.83;False;;
160;alquiler_residencial;temporada;idealista;2026-09-10;;4.0;97.0;;Alcalde Felipe Mallol;True;EUR/mes;1000.0;;;10.31;False;;Anuncio 112235045 (Alcalde Felipe Mallol) | 1000 | Alquiler de temporada
161;alquiler_residencial;temporada;idealista;2026-09-10;;3.0;95.0;;Centro;True;EUR/mes;850.0;;;8.95;False;;Anuncio 112112345 (Centro) | 850 | Alquiler de temporada
162;alquiler_residencial;temporada;idealista;2026-09-10;;2.0;85.0;;;True;EUR/mes;870.0;;;10.24;False;;Anuncio 103098615 | 870 | Alquiler de temporada
163;alquiler_residencial;anual/no_especificado;idealista;2026-09-10;;3.0;95.0;;Centro;True;EUR/mes;850.0;;;8.95;True;;
164;alquiler_residencial;temporada;idealista;2026-09-10;;3.0;90.0;;Centro;True;EUR/mes;1000.0;;;11.11;False;;Anuncio 105549393 (Centro) | 1000 | Alquiler de temporada
165;alquiler_residencial;temporada;idealista;2026-09-10;;3.0;95.0;;Centro;True;EUR/mes;960.0;;;10.11;False;;Anuncio 108808460 (Centro) | 960 | Alquiler de temporada
166;alquiler_residencial;anual/no_especificado;idealista;2026-09-10;;3.0;170.0;;Centro;True;EUR/mes;1350.0;;;7.94;False;;
167;alquiler_residencial;temporada;idealista;2026-09-10;;4.0;90.0;;Centro;True;EUR/mes;880.0;;;9.78;False;;Anuncio 100645240 (Centro) | 880 | Alquiler de temporada
168;alquiler_residencial;temporada;idealista;2026-09-10;;3.0;90.0;;Centro;True;EUR/mes;810.0;;;9.0;False;;Anuncio 81717288 (Centro) | 810 | Alquiler de temporada
169;alquiler_residencial;temporada;idealista;2026-09-10;;3.0;90.0;;Centro;True;EUR/mes;810.0;;;9.0;False;;Anuncio 86641820 (Centro) | 810 | Alquiler de temporada
170;alquiler_residencial;temporada;idealista;2026-09-10;;3.0;85.0;;Centro;True;EUR/mes;800.0;;;9.41;False;;Anuncio 111688370 (Centro) | 800 | Alquiler de temporada
171;alquiler_residencial;anual/no_especificado;idealista;2026-09-10;;3.0;90.0;;Sol y Luz;True;EUR/mes;1100.0;;;12.22;True;;
172;alquiler_residencial;temporada;idealista;2026-09-10;;3.0;129.0;;Centro;True;EUR/mes;1200.0;;;9.3;False;;Anuncio 105997520 (Centro) | 1200 | Alquiler de temporada
173;alquiler_residencial;anual/no_especificado;idealista;2026-09-10;;4.0;100.0;;;True;EUR/mes;1300.0;;;13.0;False;;
174;alquiler_residencial;temporada;idealista;2026-09-10;;1.0;30.0;;Villamontes-Boqueres;True;EUR/mes;750.0;;;25.0;False;;Anuncio 110841602 (Villamontes-Boqueres) | 750 | Alquiler de temporada
175;alquiler_residencial;temporada;idealista;2026-09-10;;2.0;80.0;;Centro;True;EUR/mes;925.0;;;11.56;False;;Anuncio 112414666 (Centro) | 925 | Alquiler de temporada
176;alquiler_residencial;anual/no_especificado;idealista;2026-09-10;;5.0;200.0;;;True;EUR/mes;1250.0;;;6.25;False;;
177;alquiler_residencial;temporada;idealista;2026-09-10;;4.0;110.0;;Centro;True;EUR/mes;1200.0;;;10.91;False;;Anuncio 112343782 (Centro) | 1200 | Alquiler de temporada
178;alquiler_residencial;anual/no_especificado;idealista;2026-09-10;;2.0;76.0;;Centro;True;EUR/mes;875.0;;;11.51;False;;
179;alquiler_residencial;anual/no_especificado;idealista;2026-09-10;;3.0;90.0;;Sol y Luz;True;EUR/mes;1550.0;;;17.22;True;;
180;alquiler_residencial;temporada;idealista;2026-09-10;;3.0;90.0;;Centro;True;EUR/mes;1050.0;;;11.67;False;;Anuncio 112453420 (Centro) | 1050 | Alquiler de temporada
181;alquiler_residencial;temporada;idealista;2026-09-10;;3.0;90.0;;Centro;True;EUR/mes;840.0;;;9.33;False;;Anuncio 112434975 (Centro) | 840 | Alquiler de temporada
182;alquiler_residencial;temporada;idealista;2026-09-10;;3.0;110.0;;Alcalde Felipe Mallol;True;EUR/mes;990.0;;;9.0;False;;Anuncio 112225609 (Alcalde Felipe Mallol) | 990 | Alquiler de temporada
183;alquiler_residencial;temporada;idealista;2026-09-10;;4.0;121.0;;Centro;True;EUR/mes;1200.0;;;9.92;False;;Anuncio 112237069 (Centro) | 1200 | Alquiler de temporada
184;alquiler_residencial;anual/no_especificado;idealista;2026-09-10;;3.0;85.0;;;True;EUR/mes;900.0;;;10.59;True;;
185;alquiler_residencial;temporada;idealista;2026-09-10;;3.0;106.0;;Centro;True;EUR/mes;800.0;;;7.55;False;;Anuncio 112222845 (Centro) | 800 | Alquiler de temporada
186;venta;chalet/villa;idealista;;;5.0;575.0;;;True;EUR (compra);;;595000.0;1035.0;False;;595.000€ | Garaje incluido|5 hab.|575 m² | Villa
187;venta;chalet/villa;idealista;;;5.0;221.0;;;True;EUR (compra);;;695000.0;3145.0;False;;695.000€ | Garaje incluido|5 hab.|221 m² | Villa
188;venta;piso;idealista;;;4.0;168.0;;;True;EUR (compra);;;589000.0;3506.0;False;;589.000€ | Garaje incluido|4 hab.|168 m² | 
189;venta;piso;idealista;;;3.0;110.0;;;True;EUR (compra);;;449000.0;4082.0;True;;449.000€ | 3 hab.|110 m² | 
190;venta;piso;idealista;;;3.0;117.0;;;True;EUR (compra);;;300000.0;2564.0;True;;300.000€ | Garaje incluido|3 hab.|117 m²|6ª planta exterior con ascensor | 
191;venta;chalet/villa;idealista;;;7.0;450.0;;;True;EUR (compra);;;785000.0;1744.0;False;;785.000€ | Garaje incluido|7 hab.|450 m² | Villa
192;venta;chalet/villa;idealista;;;4.0;293.0;;;True;EUR (compra);;;550000.0;1877.0;False;;550.000€ | Garaje incluido|4 hab.|293 m² | Villa
193;venta;chalet/villa;idealista;;;4.0;310.0;;;True;EUR (compra);;;675000.0;2177.0;False;;675.000€ | Garaje incluido|4 hab.|310 m² | Villa
194;venta;chalet/villa;idealista;;;4.0;310.0;;;True;EUR (compra);;;599000.0;1932.0;False;;599.000€ | Garaje incluido|4 hab.|310 m² | Villa
195;venta;piso;idealista;;;4.0;130.0;;;True;EUR (compra);;;319900.0;2461.0;False;;319.900€ | Garaje incluido|4 hab.|130 m²|1ª planta exterior con ascensor | 
196;venta;piso;idealista;;;3.0;94.0;;;True;EUR (compra);;;318000.0;3383.0;True;;318.000€ | Garaje incluido|3 hab.|94 m²|7ª planta exterior con ascensor | 
197;venta;piso;idealista;;;2.0;62.0;;;True;EUR (compra);;;99950.0;1612.0;False;;99.950€ | 2 hab.|62 m²|5ª planta exterior sin ascensor | 
198;venta;piso;idealista;;;3.0;109.0;;;True;EUR (compra);;;230000.0;2110.0;True;;230.000€ | 3 hab.|109 m²|5ª planta exterior con ascensor | 
199;venta;piso;idealista;;;5.0;2762.0;;;True;EUR (compra);;;359950.0;130.0;False;;359.950€ | Garaje incluido|5 hab.|2.762 m² | 
200;venta;piso;idealista;;;4.0;188.0;;;True;EUR (compra);;;319900.0;1702.0;False;;319.900€ | Garaje incluido|4 hab.|188 m²|1ª planta exterior con ascensor | 
201;venta;chalet/villa;idealista;;;4.0;293.0;;;True;EUR (compra);;;550000.0;1877.0;False;;550.000€ | Garaje incluido|4 hab.|293 m² | Villa
202;venta;piso;idealista;;;2.0;71.0;;;True;EUR (compra);;;280000.0;3944.0;False;;280.000€ | 2 hab.|71 m²|3ª planta exterior con ascensor | Luminoso
203;venta;piso;idealista;;;5.0;280.0;;;True;EUR (compra);;;498000.0;1779.0;False;;498.000€ | Garaje incluido|5 hab.|280 m² | 
204;venta;chalet/villa;idealista;;;4.0;364.0;;;True;EUR (compra);;;649000.0;1783.0;False;;649.000€ | Garaje incluido|4 hab.|364 m² | Villa
205;venta;piso;idealista;;;2.0;93.0;;;True;EUR (compra);;;219000.0;2355.0;False;;219.000€ | Garaje incluido|2 hab.|93 m²|2ª planta exterior con ascensor | 
206;venta;piso;idealista;;;4.0;446.0;;;True;EUR (compra);;;690000.0;1547.0;False;;690.000€ | Garaje incluido|4 hab.|446 m² | 
207;venta;apartamento;idealista;;;1.0;45.0;;;True;EUR (compra);;;167700.0;3727.0;False;;167.700€ | 1 hab.|45 m²|interior con ascensor | Apartamento
208;venta;bungalow;idealista;;;3.0;130.0;;;True;EUR (compra);;;420000.0;3231.0;True;;420.000€ | 3 hab.|130 m² | Bungalow
209;venta;piso;idealista;;;3.0;110.0;;;True;EUR (compra);;;185000.0;1682.0;True;;185.000€ | 3 hab.|110 m²|3ª planta exterior sin ascensor | 
210;venta;chalet/villa;idealista;;;5.0;221.0;;;True;EUR (compra);;;715000.0;3235.0;False;;715.000€ | Garaje incluido|5 hab.|221 m² | Villa
211;venta;chalet/villa;idealista;;;4.0;480.0;;;True;EUR (compra);;;1065000.0;2219.0;False;;1.065.000€ | Garaje incluido|4 hab.|480 m² | Villa
212;venta;piso;idealista;;;2.0;136.0;;;True;EUR (compra);;;308000.0;2265.0;False;;308.000€ | Garaje incluido|2 hab.|136 m²|4ª planta exterior con ascensor | 
213;venta;piso;idealista;;;2.0;116.0;;;True;EUR (compra);;;255925.0;2206.0;False;;255.925€ | Garaje incluido|2 hab.|116 m²|Bajo exterior con ascensor | 
214;venta;piso;idealista;;;4.0;245.0;;;True;EUR (compra);;;430000.0;1755.0;False;;430.000€ | Garaje incluido|4 hab.|245 m² | 
215;venta;piso;idealista;;;3.0;199.0;;;True;EUR (compra);;;200000.0;1005.0;False;;200.000€ | Garaje incluido|3 hab.|199 m² | 
216;venta;piso;idealista;;;5.0;221.0;;;True;EUR (compra);;;695000.0;3145.0;False;;695.000€ | Garaje incluido|5 hab.|221 m² | 
217;venta;piso;idealista;;;3.0;129.0;;;True;EUR (compra);;;245900.0;1906.0;True;;245.900€ | Garaje incluido|3 hab.|129 m²|3ª planta exterior con ascensor | 
218;venta;piso;idealista;;;1.0;90.0;;;True;EUR (compra);;;179000.0;1989.0;False;;179.000€ | 1 hab.|90 m²|Bajo exterior sin ascensor | 
219;venta;chalet/villa;idealista;;;3.0;451.0;;;True;EUR (compra);;;1150000.0;2550.0;False;outlier_lujo;1.150.000€ | Garaje incluido|3 hab.|451 m² | Villa
220;venta;chalet/villa;idealista;;;6.0;228.0;;;True;EUR (compra);;;750000.0;3289.0;False;;750.000€ | Garaje incluido|6 hab.|228 m² | Villa
221;venta;piso;idealista;;;7.0;481.0;;;True;EUR (compra);;;730000.0;1518.0;False;;730.000€ | 7 hab.|481 m² | 
222;venta;piso;idealista;;;5.0;167.0;;;True;EUR (compra);;;359950.0;2155.0;False;;359.950€ | 5 hab.|167 m² | 
223;venta;piso;idealista;;;4.0;180.0;;;True;EUR (compra);;;279900.0;1555.0;False;;279.900€ | Garaje incluido|4 hab.|180 m² | 
224;venta;piso;idealista;;;3.0;191.0;;;True;EUR (compra);;;420000.0;2199.0;False;;420.000€ | Garaje incluido|3 hab.|191 m² | 
225;venta;piso;idealista;;;4.0;113.0;;;True;EUR (compra);;;199900.0;1769.0;False;;199.900€ | 4 hab.|113 m²|2ª planta exterior sin ascensor | 
226;venta;piso;idealista;;;2.0;85.0;;;True;EUR (compra);;;299000.0;3518.0;False;;299.000€ | Garaje incluido|2 hab.|85 m²|3ª planta exterior con ascensor | 
227;venta;chalet/villa;idealista;;;3.0;451.0;;;True;EUR (compra);;;1150000.0;2550.0;False;outlier_lujo;1.150.000€ | Garaje incluido|3 hab.|451 m² | Villa
228;venta;piso;idealista;;;3.0;82.0;;;True;EUR (compra);;;150900.0;1840.0;True;;150.900€ | 3 hab.|82 m²|2ª planta exterior sin ascensor | Alquilada
229;venta;piso;idealista;;;2.0;112.0;;;True;EUR (compra);;;210000.0;1875.0;False;;210.000€ | Garaje incluido|2 hab.|112 m²|Bajo interior con ascensor | 
230;venta;piso;idealista;;;4.0;123.0;;;True;EUR (compra);;;240000.0;1951.0;False;;240.000€ | Garaje incluido|4 hab.|123 m²|1ª planta exterior con ascensor | 
231;venta;piso;idealista;;;5.0;548.0;;;True;EUR (compra);;;1250000.0;2281.0;False;outlier_lujo;1.250.000€ | Garaje incluido|5 hab.|548 m² | 
232;venta;piso;idealista;;;3.0;100.0;;;True;EUR (compra);;;250000.0;2500.0;True;;250.000€ | 3 hab.|100 m²|4ª planta exterior con ascensor | 
233;venta;piso_lujo;idealista;;;8.0;717.0;;;True;EUR (compra);;;1650000.0;2301.0;False;outlier_lujo;1.650.000€ | Garaje incluido|8 hab.|717 m² | Lujo
234;venta;piso;idealista;;;3.0;196.0;;;True;EUR (compra);;;398000.0;2031.0;False;;398.000€ | Garaje incluido|3 hab.|196 m² | 
235;venta;chalet/villa;idealista;;;5.0;659.0;;;True;EUR (compra);;;750000.0;1138.0;False;;750.000€ | Garaje incluido|5 hab.|659 m² | Villa
236;venta;piso;idealista;;;3.0;66.0;;;True;EUR (compra);;;145000.0;2197.0;False;;145.000€ | 3 hab.|66 m²|4ª planta exterior con ascensor | 
237;venta;piso;idealista;;;6.0;310.0;;;True;EUR (compra);;;540000.0;1742.0;False;;540.000€ | 6 hab.|310 m² | 
238;venta;piso;idealista;;;2.0;80.0;;;True;EUR (compra);;;186000.0;2325.0;False;;186.000€ | 2 hab.|80 m²|Bajo exterior sin ascensor | 
239;venta;piso;idealista;;;4.0;401.0;;;True;EUR (compra);;;450000.0;1122.0;False;;450.000€ | Garaje incluido|4 hab.|401 m² | 
240;venta;piso;idealista;;;4.0;288.0;;;True;EUR (compra);;;520000.0;1806.0;False;;520.000€ | Garaje incluido|4 hab.|288 m² | 
241;venta;piso;idealista;;;2.0;78.0;;;True;EUR (compra);;;211000.0;2705.0;False;;211.000€ | Garaje incluido|2 hab.|78 m²|4ª planta exterior con ascensor | 
242;venta;piso;idealista;;;4.0;112.0;;;True;EUR (compra);;;250000.0;2232.0;False;;250.000€ | 4 hab.|112 m²|1ª planta exterior con ascensor | 
243;venta;piso;idealista;;;2.0;86.0;;;True;EUR (compra);;;299000.0;3477.0;False;;299.000€ | Garaje incluido|2 hab.|86 m²|exterior con ascensor | 
244;venta;piso;idealista;;;3.0;102.0;;;True;EUR (compra);;;265000.0;2598.0;True;;265.000€ | 3 hab.|102 m² | 
245;venta;piso;idealista;;;2.0;76.0;;;True;EUR (compra);;;227000.0;2987.0;False;;227.000€ | 2 hab.|76 m²|4ª planta exterior con ascensor | 
246;venta;piso;idealista;;;3.0;192.0;;;True;EUR (compra);;;239000.0;1245.0;False;;239.000€ | 3 hab.|192 m² | 
247;venta;piso;idealista;;;5.0;358.0;;;True;EUR (compra);;;980000.0;2737.0;False;;980.000€ | 5 hab.|358 m² | 
248;venta;piso;idealista;;;3.0;77.0;;;True;EUR (compra);;;205000.0;2662.0;True;;205.000€ | Garaje incluido|3 hab.|77 m²|exterior con ascensor | 
249;venta;piso;idealista;;;6.0;305.0;;;True;EUR (compra);;;635000.0;2082.0;False;;635.000€ | 6 hab.|305 m² | 
250;venta;piso;idealista;;;3.0;117.0;;;True;EUR (compra);;;325000.0;2778.0;True;;325.000€ | Garaje incluido|3 hab.|117 m²|7ª planta exterior con ascensor | 
251;venta;piso;idealista;;;3.0;192.0;;;True;EUR (compra);;;239000.0;1245.0;False;;239.000€ | 3 hab.|192 m² | 
252;venta;piso_lujo;idealista;;;6.0;724.0;;;True;EUR (compra);;;1550000.0;2141.0;False;outlier_lujo;1.550.000€ | Garaje incluido|6 hab.|724 m² | Lujo
253;venta;piso;idealista;;;4.0;349.0;;;True;EUR (compra);;;419500.0;1202.0;False;;419.500€ | Garaje incluido|4 hab.|349 m² | Urge
254;venta;piso;idealista;;;2.0;91.0;;;True;EUR (compra);;;294480.0;3236.0;False;;294.480€ | Garaje incluido|2 hab.|91 m² | 
255;venta;piso;idealista;;;3.0;88.0;;;True;EUR (compra);;;190000.0;2159.0;True;;190.000€ | 3 hab.|88 m²|2ª planta exterior sin ascensor | 
256;venta;piso;idealista;;;8.0;360.0;;;True;EUR (compra);;;599000.0;1664.0;False;;599.000€ | 8 hab.|360 m² | 
257;venta;piso;idealista;;;3.0;75.0;;;True;EUR (compra);;;180000.0;2400.0;True;;180.000€ | 3 hab.|75 m²|2ª planta interior sin ascensor | 
258;venta;piso;idealista;;;3.0;89.0;;;True;EUR (compra);;;210000.0;2360.0;True;;210.000€ | Garaje incluido|3 hab.|89 m²|2ª planta exterior con ascensor | 
259;venta;piso;idealista;;;3.0;119.0;;;True;EUR (compra);;;225000.0;1891.0;True;;225.000€ | Garaje incluido|3 hab.|119 m²|1ª planta exterior con ascensor | 
260;venta;piso;idealista;;;6.0;369.0;;;True;EUR (compra);;;400000.0;1084.0;False;;400.000€ | Garaje incluido|6 hab.|369 m² | 
261;venta;piso;idealista;;;4.0;120.0;;;True;EUR (compra);;;350000.0;2917.0;False;;350.000€ | Garaje incluido|4 hab.|120 m² | 
262;venta;piso;idealista;;;3.0;87.0;;;True;EUR (compra);;;165000.0;1897.0;True;;165.000€ | 3 hab.|87 m²|3ª planta exterior sin ascensor | 
263;venta;piso;idealista;;;5.0;243.0;;;True;EUR (compra);;;470000.0;1934.0;False;;470.000€ | Garaje incluido|5 hab.|243 m² | 
264;venta;piso;idealista;;;5.0;138.0;;;True;EUR (compra);;;390000.0;2826.0;False;;390.000€ | Garaje incluido|5 hab.|138 m² | 
265;venta;chalet/villa;idealista;;;5.0;450.0;;;True;EUR (compra);;;850000.0;1889.0;False;;850.000€ | Garaje incluido|5 hab.|450 m² | Villa
266;venta;piso;idealista;;;3.0;93.0;;;True;EUR (compra);;;215000.0;2312.0;True;;215.000€ | Garaje incluido|3 hab.|93 m²|Bajo exterior con ascensor | 
267;venta;piso;idealista;;;2.0;105.0;;;True;EUR (compra);;;294000.0;2800.0;False;;294.000€ | Garaje incluido|2 hab.|105 m²|3ª planta exterior con ascensor | 
268;venta;chalet/villa;idealista;;;5.0;370.0;;;True;EUR (compra);;;550000.0;1486.0;False;;550.000€ | Garaje incluido|5 hab.|370 m² | Villa
269;venta;bungalow;idealista;;;3.0;101.0;;;True;EUR (compra);;;375000.0;3713.0;True;;375.000€ | Garaje incluido|3 hab.|101 m² | Bungalow
270;venta;piso;idealista;;;1.0;45.0;;;True;EUR (compra);;;167700.0;3727.0;False;;167.700€ | 1 hab.|45 m²|Bajo exterior con ascensor | 
271;venta;piso;idealista;;;2.0;109.0;;;True;EUR (compra);;;289000.0;2651.0;False;;289.000€ | Garaje incluido|2 hab.|109 m²|4ª planta exterior con ascensor | 
272;venta;piso;idealista;;;2.0;120.0;;;True;EUR (compra);;;365000.0;3042.0;False;;365.000€ | Garaje incluido|2 hab.|120 m² | 
273;venta;piso;idealista;;;1.0;35.0;;;True;EUR (compra);;;121600.0;3474.0;False;;121.600€ | 1 hab.|35 m²|exterior sin ascensor | 
274;venta;piso;idealista;;;4.0;217.0;;;True;EUR (compra);;;520000.0;2396.0;False;;520.000€ | 4 hab.|217 m² | 
275;venta;piso;idealista;;;4.0;120.0;;;True;EUR (compra);;;316000.0;2633.0;False;;316.000€ | Garaje incluido|4 hab.|120 m² | 
276;venta;piso;fotocasa;;;3.0;80.0;;El Tubo, San Vicente del Raspeig / Sant Vicent del Raspeig;True;EUR (compra);;;177000.0;2212.0;True;;177.000€ | El Tubo, San Vicente del Raspeig / Sant Vicent del Raspeig | 3 habs·1 baño·80 m²·Trastero
277;venta;piso;fotocasa;;;4.0;100.0;;Centro, San Vicente del Raspeig / Sant Vicent del Raspeig;True;EUR (compra);;;224800.0;2248.0;False;;224.800€ | Centro, San Vicente del Raspeig / Sant Vicent del Raspeig | 4 habs·2 baños·100 m²·Ascensor·Terraza
278;venta;piso;fotocasa;;;2.0;54.0;;Haygon - Universidad, San Vicente del Raspeig / Sant Vicent del Raspeig;True;EUR (compra);;;42000.0;778.0;False;;42.000€ | Haygon - Universidad, San Vicente del Raspeig / Sant Vicent del Raspeig | 2 habs·1 baño·54 m²·5ª Planta
279;venta;piso;fotocasa;;;2.0;112.0;;Centro, San Vicente del Raspeig / Sant Vicent del Raspeig;True;EUR (compra);;;220000.0;1964.0;False;;220.000€ | Centro, San Vicente del Raspeig / Sant Vicent del Raspeig | 2 habs·1 baño·112 m²·Ascensor·Parking·Calefacción·Aire acondicionado
280;venta;piso;fotocasa;;;2.0;72.0;;Centro, San Vicente del Raspeig / Sant Vicent del Raspeig;True;EUR (compra);;;186000.0;2583.0;False;;186.000€ | Centro, San Vicente del Raspeig / Sant Vicent del Raspeig | 2 habs·1 baño·72 m²·Bajos
281;venta;piso;fotocasa;;;3.0;60.0;;Haygon - Universidad, San Vicente del Raspeig / Sant Vicent del Raspeig;True;EUR (compra);;;117000.0;1950.0;False;;117.000€ | Haygon - Universidad, San Vicente del Raspeig / Sant Vicent del Raspeig | 3 habs·1 baño·60 m²·1ª Planta
282;venta;piso;fotocasa;;;3.0;90.0;;Parque Lo Torrent, San Vicente del Raspeig / Sant Vicent del Raspeig;True;EUR (compra);;;264800.0;2942.0;True;;264.800€ | Parque Lo Torrent, San Vicente del Raspeig / Sant Vicent del Raspeig | 3 habs·2 baños·90 m²·1ª Planta·Ascensor·Parking·Terraza·Aire acondicionado
283;venta;piso;fotocasa;;;4.0;104.0;;Centro, San Vicente del Raspeig / Sant Vicent del Raspeig;True;EUR (compra);;;249000.0;2394.0;False;;249.000€ | Centro, San Vicente del Raspeig / Sant Vicent del Raspeig | 4 habs·2 baños·104 m²·1ª Planta·Ascensor·Aire acondicionado
284;venta;piso;fotocasa;;;3.0;125.0;;Centro, San Vicente del Raspeig / Sant Vicent del Raspeig;True;EUR (compra);;;312000.0;2496.0;True;;312.000€ | Centro, San Vicente del Raspeig / Sant Vicent del Raspeig | 3 habs·2 baños·125 m²·1ª Planta·Ascensor·Terraza·Aire acondicionado
285;estudiantil;habitacion;UA Bolsa de Alojamiento;2026-08-25;;4.0;;;C/ Sevilla, 2 Esc. A3 3º;True;EUR/mes;275.0;;;;True;clasificacion_heuristica;a 5 minutos andando al centro de salud y la universidad
286;estudiantil;habitacion;UA Bolsa de Alojamiento;2026-08-25;;3.0;;;C/ Ciudad Jardín, 2 Esc. Drcha 1º;True;EUR/mes;285.0;;;;True;clasificacion_heuristica;Muebles nuevos. Junto UA
287;estudiantil;piso_completo;UA Bolsa de Alojamiento;2026-08-25;;3.0;;;C/ Ancha de Castelar, 8;True;EUR/mes;900.0;;;;False;;Todo exterior, 2 baños, junto parada del bus
288;estudiantil;habitacion;UA Bolsa de Alojamiento;2026-08-25;;3.0;;;C/ Doctor Fleming, 40 2º B;True;EUR/mes;350.0;;;;True;;
289;estudiantil;habitacion;UA Bolsa de Alojamiento;2026-08-24;;4.0;;;C/ Calderón de la Barca, 32 1º;True;EUR/mes;235.0;;;;True;;Habitaciones amplias y luminosas
290;estudiantil;habitacion;UA Bolsa de Alojamiento;2026-08-24;;4.0;;;C/ Hernán Cortes, 2 3 C;True;EUR/mes;200.0;;;;True;clasificacion_heuristica;Se busca un compañero para completar un piso de 4 habitaciones. A 200 metros de la universidad
291;estudiantil;piso_completo;UA Bolsa de Alojamiento;2026-08-24;;3.0;;;Carrer Riu Algar, 30 3;True;EUR/mes;1100.0;;;;False;;
292;estudiantil;habitacion;UA Bolsa de Alojamiento;2026-08-23;;4.0;;;C/ Elche, 13 3;True;EUR/mes;270.0;;;;True;clasificacion_heuristica;Se alquila habitación en piso compartido a chica
293;estudiantil;habitacion;UA Bolsa de Alojamiento;2026-08-21;;5.0;;;C/ Ciprés, 9;True;EUR/mes;459.0;;;;True;;
294;estudiantil;habitacion;UA Bolsa de Alojamiento;2026-08-20;;4.0;;;C/ Portugal, 1 1 22;True;EUR/mes;300.0;;;;True;;Se alquila habitación para chico estudiante. Piso de 4 habitaciones. Hay 3 chicos estudiantes entre 19 y 23 años.
295;estudiantil;habitacion;UA Bolsa de Alojamiento;2026-08-19;;3.0;;;C/ Madrid, 16 1º D;True;EUR/mes;250.0;;;;True;clasificacion_heuristica;
296;estudiantil;habitacion;UA Bolsa de Alojamiento;2026-08-19;;3.0;;;C/ Madrid, 16 1 D;True;EUR/mes;750.0;;;;True;;Piso todo exterior esquina, enfrente parque y apeadero tren
297;estudiantil;habitacion;UA Bolsa de Alojamiento;2026-08-17;;6.0;;;C/ Alicante, 76 3;True;EUR/mes;550.0;;;;True;;Las habitaciones disponen de nevera, TV, microondas. Todas dan al exterior. Habitaciones grandes. La luz la paga el propietario hasta 200€/mes
298;estudiantil;piso_completo;UA Bolsa de Alojamiento;2026-08-17;;3.0;;;C/ Blasco Ibánez, 31 3;True;EUR/mes;1050.0;;;;False;;
299;estudiantil;habitacion;UA Bolsa de Alojamiento;2026-08-17;;4.0;;;C/ Sevilla, 1;True;EUR/mes;250.0;;;;True;clasificacion_heuristica;Muy cerca de la universidad, 2 baños. Persona respetuosa y responsable
300;estudiantil;habitacion;UA Bolsa de Alojamiento;2026-08-15;;3.0;;;Avd. Libertad, 41;True;EUR/mes;320.0;;;;True;;
301;estudiantil;habitacion;UA Bolsa de Alojamiento;2026-08-15;;3.0;;;C/ Benlliure, 32 3º;True;EUR/mes;270.0;;;;True;;Tercero sin ascensor. 3 habitaciones, 1 baño, cocina muy amplia con comedor, lavavajillas, aire acondicionado, televisor 50''.
302;estudiantil;habitacion;UA Bolsa de Alojamiento;2026-08-15;;4.0;;;C/ Francia, 1 38;True;EUR/mes;250.0;;;;True;clasificacion_heuristica;
303;estudiantil;habitacion;UA Bolsa de Alojamiento;2026-08-14;;2.0;;;C/ Goya, 40;True;EUR/mes;350.0;;;;True;;Se busca compañero/a de piso 26/27. Idóneo para profesor o profesora. El piso tiene 2 habitaciones y 2 baños.
304;estudiantil;piso_completo;UA Bolsa de Alojamiento;2026-08-14;;4.0;;;C. Cervantes, 24 2 Izq;True;EUR/mes;1000.0;;;;False;;
305;estudiantil;habitacion;UA Bolsa de Alojamiento;2026-08-13;;3.0;;;C/ Juan Ramón Jiménez, 19;True;EUR/mes;275.0;;;;True;clasificacion_heuristica;Busco chica (estudiante UA) para completar planta baja independiente. Última habitación. Sólo chicas. A 15 min de la Universidad. Un baño y aseo. Tres habitaciones.
306;estudiantil;piso_completo;UA Bolsa de Alojamiento;2026-08-13;;4.0;;;C/ Portugal, 2 3 26;True;EUR/mes;1200.0;;;;False;;Alquilo dúplex junto a la universidad. 4 habitaciones, 2 baños, cocina nueva y salón. Para estudiantes curso 2026/27. 1200€ completo o 399€ habitación.
307;estudiantil;piso_completo;UA Bolsa de Alojamiento;2026-08-13;;4.0;;;C/ Cura Fco. Maestre, 12 2° B;True;EUR/mes;1200.0;;;;False;;Piso 120m2, 4 dormitorios, 2 baños, amplio salón, cocina y galería. Ascensor. Muy cerca universidad.
308;estudiantil;habitacion;UA Bolsa de Alojamiento;2026-08-12;;5.0;;;C/ Pintor Picasso, 51 3 Izq;True;EUR/mes;390.0;;;;True;clasificacion_heuristica;Piso recién reformado. Todo a estrenar. Habitaciones muy amplias. 2 baños completos. Excelente ubicación al lado del Ayuntamiento.
309;estudiantil;habitacion;UA Bolsa de Alojamiento;2026-08-11;;3.0;;;Avd. 3 de abril de 1979, 54;True;EUR/mes;450.0;;;;True;clasificacion_heuristica;Se alquilan tres habitaciones para estudiantes en urbanización con piscina a menos de diez minutos andando de la universidad.
310;estudiantil;piso_completo;UA Bolsa de Alojamiento;2026-08-11;;3.0;;;C/ Doctor Fleming, 37;True;EUR/mes;750.0;;;;False;;Piso completo solo para estudiantes de la UA (preferiblemente chicas) con dos cuartos de baño. 3 habitaciones, amplia cocina y comedor.
311;estudiantil;habitacion;UA Bolsa de Alojamiento;2026-08-10;;4.0;;;C/ Portugal, 1 2 32;True;EUR/mes;850.0;;;;True;clasificacion_heuristica;Duplex justo delante de la Universidad de Alicante, somos estudiantes/trabajadores (dos chicas y un chico), buscamos una persona mas. Tiene dos baños.
312;estudiantil;habitacion;UA Bolsa de Alojamiento;2026-08-10;;4.0;;;C/ Alicante, 39;True;EUR/mes;200.0;;;;True;clasificacion_heuristica;Somos 3 chicas que buscamos una cuarta compañera de piso. El piso está a 200 metros de la parada del tram y a 10 minutos de la universidad.
313;estudiantil;piso_completo;UA Bolsa de Alojamiento;2026-08-07;;3.0;;;C/ Riu Algar, 32;True;EUR/mes;1100.0;;;;False;;Piso completo junto al Parque Lo Torrent a estudiantes/profesores. Amueblado, con amplia terraza y piscina. Gastos de suministros no incluidos.
314;estudiantil;habitacion;UA Bolsa de Alojamiento;2026-08-07;;2.0;;;C/ Bretón de los Herreros, 36;True;EUR/mes;275.0;;;;True;clasificacion_heuristica;Solo chicas
315;estudiantil;habitacion;UA Bolsa de Alojamiento;2026-08-07;;3.0;;;C/ Santiago, 25 Bajo;True;EUR/mes;340.0;;;;True;clasificacion_heuristica;Planta baja reformada recientemente, céntrica, bien comunicada, mobiliario nuevo. Habitaciones muy amplias, luminosas, a/a, patio. A 15 minutos andando.
316;estudiantil;piso_completo;UA Bolsa de Alojamiento;2026-08-06;;3.0;;;C/ La Huerta, 132;True;EUR/mes;900.0;;;;False;;Piso para estudiantes, completamente equipado, habitaciones amplias y luminosas, a 10 min. universidad, aire acondicionado, internet gratis.
317;estudiantil;piso_completo;UA Bolsa de Alojamiento;2026-08-06;;4.0;;;C/ San Isidro, 40;True;EUR/mes;1200.0;;;;False;;Piso en el centro, a solo 10 minutos de la universidad. Luminoso, rodeado de zonas ajardinadas, con aire acondicionado y todos los servicios a mano.
318;estudiantil;piso_completo;UA Bolsa de Alojamiento;2026-08-05;;3.0;;;Pasaje de Andorra, 2 1 4;True;EUR/mes;850.0;;;;False;;Piso pie de Campus, edificio Telepizza
319;estudiantil;piso_completo;UA Bolsa de Alojamiento;2026-08-05;;4.0;;;C/ Velázquez, 22-28;True;EUR/mes;1300.0;;;;False;;Piso en muy buen estado, SOLO ESTUDIANTES, completamente amueblado, muy tranquilo y luminoso, con aire acondicionado, internet gratis.
320;estudiantil;habitacion;UA Bolsa de Alojamiento;2026-08-05;;4.0;;;C/ Argentina, 1 4;True;EUR/mes;425.0;;;;True;clasificacion_heuristica;Habitaciones a estrenar con cama mínimo 105x190, escritorio, silla, armario, espejo. Ideal para estudiantes. Cocina y lavadero zona común.
321;estudiantil;piso_completo;UA Bolsa de Alojamiento;2026-08-05;;3.0;;;C/ Portugal, 2 4 48;True;EUR/mes;930.0;;;;False;;PISO DUPLEX FRENTE UNIVERSIDAD
322;estudiantil;habitacion;UA Bolsa de Alojamiento;2026-08-04;;4.0;;;C/ Aeroplano, 4 2 D;True;EUR/mes;315.0;;;;True;clasificacion_heuristica;Duplex en frente de la universidad, 4 habitaciones. Piso compartido 315€/habitación. Cerca de todos los servicios y muy bien ubicado.
323;estudiantil;habitacion;UA Bolsa de Alojamiento;2026-08-02;;3.0;;;Avenida de la Libertad, 5 1;True;EUR/mes;400.0;;;;True;;Alquiler habitación para estudiantes junto universidad. El piso está totalmente amueblado y equipado.
324;estudiantil;piso_completo;UA Bolsa de Alojamiento;2026-08-02;;3.0;;;Calle Capitán Torregrosa, S/N;True;EUR/mes;1100.0;;;;False;;Casa independiente de 100m2 con 64m2 de patio. Cocina y baño reformados. En el centro de San Vicente del Raspeig.
325;estudiantil;piso_completo;UA Bolsa de Alojamiento;2026-08-01;;2.0;;;Calle Agost, 21;True;EUR/mes;950.0;;;;False;;Totalmente nuevo, disponible dos personas máximo (también profesorado y estudiantes de másteres). Climatizado. Todo exterior.
326;estudiantil;habitacion;UA Bolsa de Alojamiento;2026-08-01;;3.0;;;C/ Balmes, 17;True;EUR/mes;240.0;;;;True;clasificacion_heuristica;Piso de estudiantes, a 1,4 km, 16 min andando hasta primera facultad de la UA. Al lado de supermercado, zona centro, mercadillo.
327;estudiantil;piso_completo;UA Bolsa de Alojamiento;2026-07-30;;4.0;;;Calle Portugal, 2;True;EUR/mes;1200.0;;;;False;;Alquiler exclusivamente para agosto. A partir de septiembre ya reservado. Se alquila completo, o individualmente contactar.
328;estudiantil;habitacion;UA Bolsa de Alojamiento;2026-07-30;;4.0;;;C. Francia, 1;True;EUR/mes;250.0;;;;True;clasificacion_heuristica;Alquiler de 1 habitación, duplex de cuatro dormitorios. Cerca de la universidad. Dos baños. Estudiante responsable, organizado, primer curso.
329;estudiantil;piso_completo;UA Bolsa de Alojamiento;2026-07-30;;3.0;;;C. Jijona, 10 2 Iz;True;EUR/mes;825.0;;;;False;;
330;turistico;Apartamento;Airbnb;2026-09-01;media (oct);4.0;;1.5;Sant Vicent del Raspeig;True;EUR/noche;;150.0;;;True;;Luminoso apartamento de 4 dormitorios cerca de Alicante
331;turistico;Loft;Airbnb;2026-09-01;media (oct);1.0;;1.0;San Vicente del Raspeig;True;EUR/noche;;91.2;;;False;;Amplio Loft al lado de la Universidad
332;turistico;Villa;Airbnb;2026-09-01;media (oct);6.0;;4.0;San Vicente del Raspeig;True;EUR/noche;;408.6;;;False;villa_no_comparable;Casa lulu, enorme piscina, jardin, suite
333;turistico;Villa;Airbnb;2026-09-01;media (oct);5.0;;4.0;San Vicente del Raspeig;True;EUR/noche;;731.8;;;False;villa_no_comparable;Villa Lago
334;turistico;Vivienda;Airbnb;2026-09-01;media (oct);3.0;;1.0;San Vicente del Raspeig;True;EUR/noche;;281.4;;;False;villa_no_comparable;Villa Mulet con piscina exotica para 8 personas
335;turistico;Chalet;Airbnb;2026-09-01;media (oct);4.0;;2.0;San Vicente del Raspeig;True;EUR/noche;;313.8;;;False;villa_no_comparable;Villa con piscina de diseno y gran estanque
336;turistico;Chalet;Airbnb;2026-09-01;media (oct);6.0;;3.0;San Vicente del Raspeig;True;EUR/noche;;474.2;;;False;villa_no_comparable;Casa abedul
337;turistico;Casa rural;Airbnb;2026-09-01;media (oct);2.0;;1.0;Alicante;True;EUR/noche;;170.2;;;False;villa_no_comparable;La casa de la chimenea
338;turistico;Vivienda;Airbnb;2026-09-01;media (oct);2.0;;1.0;Alicante;True;EUR/noche;;185.4;;;False;fuera_del_municipio;La Cocina De Paqui
339;turistico;Vivienda;Airbnb;2026-09-01;media (oct);3.0;;1.0;Alicante;True;EUR/noche;;180.4;;;False;fuera_del_municipio;La Campaneta a 15 min del centro y playa
340;turistico;Casa rural;Airbnb;2026-09-01;alta (jul);1.0;;1.0;San Vicente del Raspeig;True;EUR/noche;;180.4;;;False;villa_no_comparable;Alojamiento rural con piscina privada
341;turistico;Vivienda;Airbnb;2026-09-01;alta (jul);3.0;;1.0;San Vicente del Raspeig;True;EUR/noche;;118.2;;;True;;Piso moderno a 15 de la playa
342;turistico;Villa;Airbnb;2026-09-01;alta (jul);10.0;;6.5;San Vicente del Raspeig;True;EUR/noche;;1765.4;;;False;villa_no_comparable;Villa Sensation Seasons mediterranea
343;turistico;Apartamento;Airbnb;2026-09-01;alta (jul);3.0;90.0;2.0;San Vicente del Raspeig;True;EUR/noche;;278.8;;;True;;Apartamento 3 dormitorios con piscina en cubierta
344;turistico;Vivienda;Airbnb;2026-09-01;alta (jul);3.0;;1.0;San Vicente del Raspeig;True;EUR/noche;;351.4;;;False;villa_no_comparable;Villa Mulet con piscina exotica para 8 personas
345;turistico;Adosado;Airbnb;2026-09-01;alta (jul);5.0;;2.5;San Vicente del Raspeig;True;EUR/noche;;162.8;;;False;villa_no_comparable;Bungalow Navarro
346;turistico;Vivienda;Airbnb;2026-09-01;alta (jul);3.0;;1.0;San Vicente del Raspeig;True;EUR/noche;;140.6;;;True;;Piso coqueto a 15 de la playa
347;turistico;Casa rural;Airbnb;2026-09-01;alta (jul);2.0;;1.0;Alicante;True;EUR/noche;;201.8;;;False;villa_no_comparable;La casa de la chimenea
348;turistico;Vivienda;Airbnb;2026-09-01;alta (jul);2.0;;1.0;Alicante;True;EUR/noche;;197.8;;;False;fuera_del_municipio;La Cocina De Paqui
349;turistico;Vivienda;Airbnb;2026-09-01;alta (jul);3.0;;1.0;Alicante;True;EUR/noche;;180.4;;;False;fuera_del_municipio;La Campaneta a 15 min del centro y playa
350;turistico;Apartamento;Airbnb;2026-09-01;baja (feb);4.0;;1.5;Sant Vicent del Raspeig;True;EUR/noche;;151.2;;;True;;Luminoso apartamento de 4 dormitorios cerca de Alicante
351;turistico;Casa rural;Airbnb;2026-09-01;baja (feb);1.0;;1.0;San Vicente del Raspeig;True;EUR/noche;;157.0;;;False;villa_no_comparable;Alojamiento rural con piscina privada
352;turistico;Loft;Airbnb;2026-09-01;baja (feb);1.0;;1.0;San Vicente del Raspeig;True;EUR/noche;;105.0;;;False;;Amplio Loft al lado de la Universidad
353;turistico;Vivienda;Airbnb;2026-09-01;baja (feb);5.0;;3.0;San Vicente del Raspeig;True;EUR/noche;;563.0;;;False;villa_no_comparable;Villa Haygon con piscina climatizada, bbq y sauna
354;turistico;Villa;Airbnb;2026-09-01;baja (feb);10.0;;6.5;San Vicente del Raspeig;True;EUR/noche;;1006.0;;;False;villa_no_comparable;Villa Sensation Seasons mediterranea
355;turistico;Villa;Airbnb;2026-09-01;baja (feb);5.0;;4.0;San Vicente del Raspeig;True;EUR/noche;;679.2;;;False;villa_no_comparable;Villa Lago
356;turistico;Adosado;Airbnb;2026-09-01;baja (feb);5.0;;2.5;San Vicente del Raspeig;True;EUR/noche;;162.8;;;False;villa_no_comparable;Bungalow Navarro
357;turistico;Villa;Airbnb;2026-09-01;baja (feb);6.0;;4.0;San Vicente del Raspeig;True;EUR/noche;;417.4;;;False;villa_no_comparable;Casa lulu, enorme piscina, jardin, suite
358;turistico;Vivienda;Airbnb;2026-09-01;baja (feb);3.0;;1.0;San Vicente del Raspeig;True;EUR/noche;;270.8;;;False;villa_no_comparable;Villa Mulet con piscina exotica para 8 personas
359;turistico;Chalet;Airbnb;2026-09-01;baja (feb);6.0;;3.0;San Vicente del Raspeig;True;EUR/noche;;585.6;;;False;villa_no_comparable;Casa abedul
360;turistico;Casa rural;Airbnb;2026-09-01;baja (feb);2.0;;1.0;Alicante;True;EUR/noche;;154.4;;;False;villa_no_comparable;La casa de la chimenea
361;turistico;Vivienda;Airbnb;2026-09-01;baja (feb);4.0;;2.0;Alicante;True;EUR/noche;;351.4;;;False;villa_no_comparable;Casa de campo con piscina
362;turistico;Vivienda;Airbnb;2026-09-01;baja (feb);2.0;;1.0;Alicante;True;EUR/noche;;185.4;;;False;fuera_del_municipio;La Cocina De Paqui
363;turistico;Vivienda;Airbnb;2026-09-01;baja (feb);3.0;;1.0;Alicante;True;EUR/noche;;180.4;;;False;fuera_del_municipio;La Campaneta a 15 min del centro y playa
364;turistico;Apartamento;Booking;2026-09-01;alta (jul);1.0;17.0;1.0;San Vicente del Raspeig;True;EUR/noche;;56.8;;;False;;Habitacion en San Vicente del Raspeig Alicante
365;turistico;Apartamento;Booking;2026-09-01;alta (jul);3.0;90.0;2.0;San Vicente del Raspeig;True;EUR/noche;;199.4;;;True;;Apartamento 3 dormitorios (piscina en azotea)
366;vut_registro;vivienda_uso_turistico_registrada;Generalitat Valenciana (registro VUT);2024-11-10T00:00:00;;1.0;274.0;;PD RASPEIG POLIG G, 52, Pl:01;False;;;;;;False;;Registro VUT CV-VUT0512669-A
367;vut_registro;vivienda_uso_turistico_registrada;Generalitat Valenciana (registro VUT);2025-02-26T00:00:00;;2.0;104.0;;PD RASPEIG POLIG F, 50, Es:T Pl:OD Pt:OS;False;;;;;;False;;Registro VUT CV-VUT0514567-A
368;vut_registro;vivienda_uso_turistico_registrada;Generalitat Valenciana (registro VUT);2025-02-24T00:00:00;;4.0;111.0;;CL SAN VICENTE, 51, Es:1 Pl:02 Pt:DR;False;;;;;;False;;Registro VUT CV-VUT0514446-A
369;vut_registro;vivienda_uso_turistico_registrada;Generalitat Valenciana (registro VUT);2025-02-27T00:00:00;;3.0;123.0;;AV ALMASSERA DE L', 26, Bloque:3 Es:4 Pl:03 Pt:Z;False;;;;;;False;;Registro VUT CV-VUT0514536-A
370;vut_registro;vivienda_uso_turistico_registrada;Generalitat Valenciana (registro VUT);2025-02-20T00:00:00;;5.0;212.0;;AV ANCHA CASTELAR, 22, Es:1 Pl:04 Pt:01;False;;;;;;False;;Registro VUT CV-VUT0514403-A
371;vut_registro;vivienda_uso_turistico_registrada;Generalitat Valenciana (registro VUT);2021-04-13T00:00:00;;5.0;317.0;;AV HAYGON, 24, Es:T Pl:OD Pt:OS;False;;;;;;False;;Registro VUT CV-VUT0485628-A
372;vut_registro;vivienda_uso_turistico_registrada;Generalitat Valenciana (registro VUT);2026-02-04T00:00:00;;5.0;202.0;;AV HAYGON, 41A, Es:T Pl:OD Pt:OS;False;;;;;;False;;Registro VUT CV-VUT0520085-A
373;vut_registro;vivienda_uso_turistico_registrada;Generalitat Valenciana (registro VUT);2015-05-29T00:00:00;;3.0;186.0;;AV SEVILLA, 10, Es:1 Pl:02 Pt:B;False;;;;;;False;;Registro VUT CV-VUT0443247-A
374;vut_registro;vivienda_uso_turistico_registrada;Generalitat Valenciana (registro VUT);2024-03-25T00:00:00;;2.0;143.0;;AV SEVILLA, 10, Es:2 Pl:04 Pt:D;False;;;;;;False;;Registro VUT CV-VUT0506549-A
375;vut_registro;vivienda_uso_turistico_registrada;Generalitat Valenciana (registro VUT);2025-05-13T00:00:00;;7.0;480.0;;CL ABEDUL, 14, Es:T Pl:OD Pt:OS;False;;;;;;False;;Registro VUT CV-VUT0516449-A
376;vut_registro;vivienda_uso_turistico_registrada;Generalitat Valenciana (registro VUT);2022-02-28T00:00:00;;5.0;470.0;;CL ACACIAS, 6, Es:T Pl:OD Pt:OS;False;;;;;;False;;Registro VUT CV-VUT0488782-A
377;vut_registro;vivienda_uso_turistico_registrada;Generalitat Valenciana (registro VUT);2017-01-25T00:00:00;;2.0;85.0;;CL ALC RAMON ORTS GALAN, 8, Es:2 Pl:07 Pt:A;False;;;;;;False;;Registro VUT CV-VUT0452617-A
378;vut_registro;vivienda_uso_turistico_registrada;Generalitat Valenciana (registro VUT);2023-05-16T00:00:00;;1.0;98.0;;CL ALFONSO XIII, 15, Es:1 Pl:EN Pt:2A;False;;;;;;False;;Registro VUT CV-VUT0498136-A
379;vut_registro;vivienda_uso_turistico_registrada;Generalitat Valenciana (registro VUT);2023-07-07T00:00:00;;2.0;66.0;;CL ALFONSO XIII, 54, Es:1 Pl:00 Pt:A;False;;;;;;False;;Registro VUT CV-VUT0500283-A
380;vut_registro;vivienda_uso_turistico_registrada;Generalitat Valenciana (registro VUT);2023-07-07T00:00:00;;1.0;55.0;;CL ALFONSO XIII, 54, Es:1 Pl:00 Pt:B;False;;;;;;False;;Registro VUT CV-VUT0500284-A
381;vut_registro;vivienda_uso_turistico_registrada;Generalitat Valenciana (registro VUT);2023-08-28T00:00:00;;3.0;101.0;;CL ALFONSO XIII, 54, Es:1 Pl:01 Pt:A;False;;;;;;False;;Registro VUT CV-VUT0501176-A
382;vut_registro;vivienda_uso_turistico_registrada;Generalitat Valenciana (registro VUT);2023-08-28T00:00:00;;1.0;45.0;;CL ALFONSO XIII, 54, Es:1 Pl:01 Pt:B;False;;;;;;False;;Registro VUT CV-VUT0501177-A
383;vut_registro;vivienda_uso_turistico_registrada;Generalitat Valenciana (registro VUT);2023-08-28T00:00:00;;3.0;101.0;;CL ALFONSO XIII, 54, Es:1 Pl:02 Pt:A;False;;;;;;False;;Registro VUT CV-VUT0501178-A
384;vut_registro;vivienda_uso_turistico_registrada;Generalitat Valenciana (registro VUT);2023-08-28T00:00:00;;1.0;45.0;;CL ALFONSO XIII, 54, Es:1 Pl:02 Pt:B;False;;;;;;False;;Registro VUT CV-VUT0501179-A
385;vut_registro;vivienda_uso_turistico_registrada;Generalitat Valenciana (registro VUT);2023-07-07T00:00:00;;2.0;187.0;;CL ALFONSO XIII, 54, Es:1 Pl:03 Pt:A;False;;;;;;False;;Registro VUT CV-VUT0500285-A
386;vut_registro;vivienda_uso_turistico_registrada;Generalitat Valenciana (registro VUT);2022-03-30T00:00:00;;2.0;140.0;;CL ALICANTE, 18, Pl:04 Pt:IZ;False;;;;;;False;;Registro VUT CV-VUT0489315-A
387;vut_registro;vivienda_uso_turistico_registrada;Generalitat Valenciana (registro VUT);2024-01-29T00:00:00;;1.0;47.0;;CL ALICANTE, 24, Es:1 Pl:EN Pt:01;False;;;;;;False;;Registro VUT CV-VUT0504861-A
388;vut_registro;vivienda_uso_turistico_registrada;Generalitat Valenciana (registro VUT);2024-04-29T00:00:00;;1.0;41.0;;CL ALICANTE, 84, Es:1 Pl:+1 Pt:41;False;;;;;;False;;Registro VUT CV-VUT0507508-A
389;vut_registro;vivienda_uso_turistico_registrada;Generalitat Valenciana (registro VUT);2020-12-17T00:00:00;;4.0;378.0;;CL AVELLANO, 13, Es:T Pl:OD Pt:OS;False;;;;;;False;;Registro VUT CV-VUT0484543-A
390;vut_registro;vivienda_uso_turistico_registrada;Generalitat Valenciana (registro VUT);2018-05-07T00:00:00;;4.0;104.0;;CL BAILEN, 39, Pl:02 Pt:DR;False;;;;;;False;;Registro VUT CV-VUT0466339-A
391;vut_registro;vivienda_uso_turistico_registrada;Generalitat Valenciana (registro VUT);2018-05-07T00:00:00;;4.0;108.0;;CL BAILEN, 41, Pl:02 Pt:DR;False;;;;;;False;;Registro VUT CV-VUT0466336-A
392;vut_registro;vivienda_uso_turistico_registrada;Generalitat Valenciana (registro VUT);2019-07-04T00:00:00;;3.0;112.0;;CL BAILEN, 49, Pl:03 Pt:DR;False;;;;;;False;;Registro VUT CV-VUT0477239-A
393;vut_registro;vivienda_uso_turistico_registrada;Generalitat Valenciana (registro VUT);2023-07-26T00:00:00;;2.0;71.0;;CL BAILEN, 57, Es:1 Pl:03 Pt:C;False;;;;;;False;;Registro VUT CV-VUT0500444-A
394;vut_registro;vivienda_uso_turistico_registrada;Generalitat Valenciana (registro VUT);2018-05-27T00:00:00;;3.0;102.0;;CL BAUTISTA AZNAR, 2, Pl:03 Pt:DR;False;;;;;;False;;Registro VUT CV-VUT0467383-A
395;vut_registro;vivienda_uso_turistico_registrada;Generalitat Valenciana (registro VUT);2020-08-24T00:00:00;;4.0;97.0;;CL BENLLIURE, 17, Pl:02 Pt:DR;False;;;;;;False;;Registro VUT CV-VUT0483037-A
396;vut_registro;vivienda_uso_turistico_registrada;Generalitat Valenciana (registro VUT);2020-08-24T00:00:00;;4.0;91.0;;CL BENLLIURE, 32, Es:1 Pl:02 Pt:DR;False;;;;;;False;;Registro VUT CV-VUT0483038-A
397;vut_registro;vivienda_uso_turistico_registrada;Generalitat Valenciana (registro VUT);2024-12-26T00:00:00;;3.0;90.0;;CL BLASCO IBAÑEZ, 26, Pl:03 Pt:IZ;False;;;;;;False;;Registro VUT CV-VUT0513503-A
398;vut_registro;vivienda_uso_turistico_registrada;Generalitat Valenciana (registro VUT);2021-04-29T00:00:00;;5.0;484.0;;CL CADERNERA LA, 10, Es:T Pl:OD Pt:OS;False;;;;;;False;;Registro VUT CV-VUT0488079-A
399;vut_registro;vivienda_uso_turistico_registrada;Generalitat Valenciana (registro VUT);2025-05-21T00:00:00;;9.0;224.0;;CL CASTAÑO, 6, Es:T Pl:OD Pt:OS;False;;;;;;False;;Registro VUT CV-VUT0516616-A
400;vut_registro;vivienda_uso_turistico_registrada;Generalitat Valenciana (registro VUT);2024-11-05T00:00:00;;3.0;87.0;;CL CIUDAD JARDIN, 7, Pl:03 Pt:DR;False;;;;;;False;;Registro VUT CV-VUT0512549-A
401;vut_registro;vivienda_uso_turistico_registrada;Generalitat Valenciana (registro VUT);2024-01-02T00:00:00;;3.0;70.0;;CL COLONIA STA. ISABEL, 21L, Es:2 Pl:04 Pt:I;False;;;;;;False;;Registro VUT CV-VUT0504156-A
402;vut_registro;vivienda_uso_turistico_registrada;Generalitat Valenciana (registro VUT);2017-12-12T00:00:00;;3.0;89.0;;CL COLONIA STA. ISABEL, 50, Es:P Pl:03 Pt:C;False;;;;;;False;;Registro VUT CV-VUT0461221-A
403;vut_registro;vivienda_uso_turistico_registrada;Generalitat Valenciana (registro VUT);2024-01-02T00:00:00;;2.0;69.0;;CL COLONIA STA. ISABEL, 9, Es:B Pl:05 Pt:I;False;;;;;;False;;Registro VUT CV-VUT0504157-A
404;vut_registro;vivienda_uso_turistico_registrada;Generalitat Valenciana (registro VUT);2025-03-28T00:00:00;;5.0;108.0;;CL COTTOLENGO, 1, Es:1 Pl:01 Pt:42;False;;;;;;False;;Registro VUT CV-VUT0515429-A
405;vut_registro;vivienda_uso_turistico_registrada;Generalitat Valenciana (registro VUT);2015-10-19T00:00:00;;2.0;147.0;;CL DR MARAÑON, 13, Bloque:1 Es:1 Pl:00 Pt:04;False;;;;;;False;;Registro VUT CV-VUT0444533-A
406;vut_registro;vivienda_uso_turistico_registrada;Generalitat Valenciana (registro VUT);2023-10-05T00:00:00;;2.0;116.0;;CL DR MARAÑON, 14, Es:C Pl:01 Pt:A;False;;;;;;False;;Registro VUT CV-VUT0502176-A
407;vut_registro;vivienda_uso_turistico_registrada;Generalitat Valenciana (registro VUT);2023-02-09T00:00:00;;3.0;141.0;;CL DR TRUETA, 16, Pl:01 Pt:IZ;False;;;;;;False;;Registro VUT CV-VUT0495033-A
408;vut_registro;vivienda_uso_turistico_registrada;Generalitat Valenciana (registro VUT);2025-07-30T00:00:00;;4.0;146.0;;CL ESPRONCEDA, 6, Es:5 Pl:03 Pt:A;False;;;;;;False;;Registro VUT CV-VUT0517953-A
409;vut_registro;vivienda_uso_turistico_registrada;Generalitat Valenciana (registro VUT);2021-06-10T00:00:00;;2.0;216.0;;CL FRESNO, 20;False;;;;;;False;;Registro VUT CV-VUT0486496-A
410;vut_registro;vivienda_uso_turistico_registrada;Generalitat Valenciana (registro VUT);2024-07-16T00:00:00;;3.0;137.0;;CL GABRIEL MIRO, 9, Pl:02 Pt:DR;False;;;;;;False;;Registro VUT CV-VUT0510236-A
411;vut_registro;vivienda_uso_turistico_registrada;Generalitat Valenciana (registro VUT);2024-12-20T00:00:00;;4.0;334.0;;CL GENETA LA, 2, Es:T Pl:OD Pt:OS;False;;;;;;False;;Registro VUT CV-VUT0513440-A
412;vut_registro;vivienda_uso_turistico_registrada;Generalitat Valenciana (registro VUT);2025-01-29T00:00:00;;3.0;88.0;;CL HERNAN CORTES, 24, Pl:03 Pt:DR;False;;;;;;False;;Registro VUT CV-VUT0514120-A
413;vut_registro;vivienda_uso_turistico_registrada;Generalitat Valenciana (registro VUT);2023-07-04T00:00:00;;3.0;92.0;;CL HUERTA LA, 132, Es:2 Pl:01 Pt:D;False;;;;;;False;;Registro VUT CV-VUT0499816-A
414;vut_registro;vivienda_uso_turistico_registrada;Generalitat Valenciana (registro VUT);2018-03-07T00:00:00;;3.0;90.0;;CL HUERTA LA, 136, Es:4 Pl:03 Pt:B;False;;;;;;False;;Registro VUT CV-VUT0464441-A
415;vut_registro;vivienda_uso_turistico_registrada;Generalitat Valenciana (registro VUT);2023-06-15T00:00:00;;4.0;132.0;;CL HUERTA LA, 14, Pl:01 Pt:IZ;False;;;;;;False;;Registro VUT CV-VUT0499298-A
416;vut_registro;vivienda_uso_turistico_registrada;Generalitat Valenciana (registro VUT);2018-03-07T00:00:00;;3.0;94.0;;CL HUERTA LA, 146, Es:9 Pl:01 Pt:B;False;;;;;;False;;Registro VUT CV-VUT0464440-A
417;vut_registro;vivienda_uso_turistico_registrada;Generalitat Valenciana (registro VUT);2025-01-29T00:00:00;;3.0;100.0;;CL JORGE JUAN, 29, Pl:01 Pt:IZ;False;;;;;;False;;Registro VUT CV-VUT0514116-A
418;vut_registro;vivienda_uso_turistico_registrada;Generalitat Valenciana (registro VUT);2024-03-25T00:00:00;;4.0;172.0;;CL JUAN RAMON JIMENEZ, 6, Pl:03;False;;;;;;False;;Registro VUT CV-VUT0506482-A
419;vut_registro;vivienda_uso_turistico_registrada;Generalitat Valenciana (registro VUT);2018-06-19T00:00:00;;3.0;182.0;;CL L'ISLE D'ABEAU, 6, Es:1 Pl:00 Pt:70;False;;;;;;False;;Registro VUT CV-VUT0468572-A
420;vut_registro;vivienda_uso_turistico_registrada;Generalitat Valenciana (registro VUT);2025-02-13T00:00:00;;3.0;68.0;;CL LILLO JUAN, 125, Pl:01 Pt:DR;False;;;;;;False;;Registro VUT CV-VUT0514238-A
421;vut_registro;vivienda_uso_turistico_registrada;Generalitat Valenciana (registro VUT);2025-07-08T00:00:00;;12.0;439.0;;CL LIMONEROS, 24, Es:T Pl:OD Pt:OS;False;;;;;;False;;Registro VUT CV-VUT0517601-A
422;vut_registro;vivienda_uso_turistico_registrada;Generalitat Valenciana (registro VUT);2025-04-02T00:00:00;;4.0;119.0;;CL MANUEL DGUEZ MARGARIT, 33, Es:1 Pl:02 Pt:DR;False;;;;;;False;;Registro VUT CV-VUT0515597-A
423;vut_registro;vivienda_uso_turistico_registrada;Generalitat Valenciana (registro VUT);2026-01-27T00:00:00;;1.0;72.0;;CL MAYOR, 25, Es:1 Pl:01 Pt:B;False;;;;;;False;;Registro VUT CV-VUT0519988-A
424;vut_registro;vivienda_uso_turistico_registrada;Generalitat Valenciana (registro VUT);2024-02-26T00:00:00;;2.0;92.0;;CL MAYOR, 78, Es:1 Pl:01 Pt:A;False;;;;;;False;;Registro VUT CV-VUT0505786-A
425;vut_registro;vivienda_uso_turistico_registrada;Generalitat Valenciana (registro VUT);2024-02-26T00:00:00;;2.0;92.0;;CL MAYOR, 78, Es:1 Pl:01 Pt:B;False;;;;;;False;;Registro VUT CV-VUT0505787-A
426;vut_registro;vivienda_uso_turistico_registrada;Generalitat Valenciana (registro VUT);2018-05-07T00:00:00;;3.0;80.0;;CL MAYOR, 98, Es:1 Pl:02 Pt:08;False;;;;;;False;;Registro VUT CV-VUT0466340-A
427;vut_registro;vivienda_uso_turistico_registrada;Generalitat Valenciana (registro VUT);2024-01-24T00:00:00;;4.0;116.0;;CL NUÑEZ DE BALBOA, 6, Es:1 Pl:01 Pt:E;False;;;;;;False;;Registro VUT CV-VUT0504710-A
428;vut_registro;vivienda_uso_turistico_registrada;Generalitat Valenciana (registro VUT);2017-11-30T00:00:00;;3.0;22.0;;CL PELAYO, 15, Pl:-1 Pt:28;False;;;;;;False;;Registro VUT CV-VUT0460722-A
429;vut_registro;vivienda_uso_turistico_registrada;Generalitat Valenciana (registro VUT);2025-04-03T00:00:00;;8.0;221.0;;CL PINTOR MURILLO, 4, Pl:01;False;;;;;;False;;Registro VUT CV-VUT0515672-A
430;vut_registro;vivienda_uso_turistico_registrada;Generalitat Valenciana (registro VUT);2018-03-07T00:00:00;;3.0;123.0;;CL PINTOR PICASSO, 1, Pl:02 Pt:DR;False;;;;;;False;;Registro VUT CV-VUT0464442-A
431;vut_registro;vivienda_uso_turistico_registrada;Generalitat Valenciana (registro VUT);2024-09-20T00:00:00;;3.0;159.0;;CL POETA GARCIA LORCA, 24, Es:1 Pl:04 Pt:C;False;;;;;;False;;Registro VUT CV-VUT0511587-A
432;vut_registro;vivienda_uso_turistico_registrada;Generalitat Valenciana (registro VUT);2023-06-01T00:00:00;;3.0;189.0;;CL POU DEL, 9, Es:T Pl:OD Pt:OS;False;;;;;;False;;Registro VUT CV-VUT0499661-A
433;vut_registro;vivienda_uso_turistico_registrada;Generalitat Valenciana (registro VUT);2023-07-04T00:00:00;;3.0;101.0;;CL RAFAEL SABATER LLOPIS, 1, Pl:03 Pt:IZ;False;;;;;;False;;Registro VUT CV-VUT0499817-A
434;vut_registro;vivienda_uso_turistico_registrada;Generalitat Valenciana (registro VUT);2023-05-04T00:00:00;;6.0;502.0;;CL RIO DUERO, 34, Pl:01;False;;;;;;False;;Registro VUT CV-VUT0497637-A
435;vut_registro;vivienda_uso_turistico_registrada;Generalitat Valenciana (registro VUT);2025-03-11T00:00:00;;5.0;338.0;;CL RIO GUADALQUIVIR, 7, Es:T Pl:OD Pt:OS;False;;;;;;False;;Registro VUT CV-VUT0514842-A
436;vut_registro;vivienda_uso_turistico_registrada;Generalitat Valenciana (registro VUT);2024-06-14T00:00:00;;4.0;144.0;;CL RIO TAJO, 13, Pl:00;False;;;;;;False;;Registro VUT CV-VUT0509374-A
437;vut_registro;vivienda_uso_turistico_registrada;Generalitat Valenciana (registro VUT);2024-12-16T00:00:00;;5.0;511.0;;CL RIO TAJO, 15, Es:T Pl:OD Pt:OS;False;;;;;;False;;Registro VUT CV-VUT0513335-A
438;vut_registro;vivienda_uso_turistico_registrada;Generalitat Valenciana (registro VUT);2026-02-09T00:00:00;;3.0;247.0;;CL ROBLE, 26, Es:T Pl:OD Pt:OS;False;;;;;;False;;Registro VUT CV-VUT0520147-A
439;vut_registro;vivienda_uso_turistico_registrada;Generalitat Valenciana (registro VUT);2021-02-18T00:00:00;;5.0;355.0;;CL ROSSINYOL, 4, Es:T Pl:OD Pt:OS;False;;;;;;False;;Registro VUT CV-VUT0485046-A
440;vut_registro;vivienda_uso_turistico_registrada;Generalitat Valenciana (registro VUT);2022-11-28T00:00:00;;3.0;89.0;;CL SAN ISIDRO, 11, Es:1 Pl:01 Pt:IZ;False;;;;;;False;;Registro VUT CV-VUT0493991-A
441;vut_registro;vivienda_uso_turistico_registrada;Generalitat Valenciana (registro VUT);2018-05-07T00:00:00;;4.0;124.0;;CL SAN JUAN, 17C, Pl:04 Pt:1;False;;;;;;False;;Registro VUT CV-VUT0466338-A
442;vut_registro;vivienda_uso_turistico_registrada;Generalitat Valenciana (registro VUT);2025-01-19T00:00:00;;2.0;73.0;;CL SAN JUAN, 24, Pl:03 Pt:IZ;False;;;;;;False;;Registro VUT CV-VUT0513809-A
443;vut_registro;vivienda_uso_turistico_registrada;Generalitat Valenciana (registro VUT);2023-07-04T00:00:00;;3.0;93.0;;CL TIBI, 4, Pl:02 Pt:IZ;False;;;;;;False;;Registro VUT CV-VUT0499821-A
444;vut_registro;vivienda_uso_turistico_registrada;Generalitat Valenciana (registro VUT);2022-09-30T00:00:00;;3.0;87.0;;CL TORRES QUEVEDO, 18, Es:1 Pl:03 Pt:DR;False;;;;;;False;;Registro VUT CV-VUT0492515-A
445;vut_registro;vivienda_uso_turistico_registrada;Generalitat Valenciana (registro VUT);2018-03-08T00:00:00;;3.0;86.0;;CL TRAFALGAR, 1, Pl:01 Pt:DR;False;;;;;;False;;Registro VUT CV-VUT0464462-A
446;vut_registro;vivienda_uso_turistico_registrada;Generalitat Valenciana (registro VUT);2018-06-12T00:00:00;;3.0;97.0;;CL VALENCIA, 22, Pl:03 Pt:DR;False;;;;;;False;;Registro VUT CV-VUT0468242-A
447;vut_registro;vivienda_uso_turistico_registrada;Generalitat Valenciana (registro VUT);2023-11-29T00:00:00;;3.0;95.0;;CL VELAZQUEZ, 32, Pl:01 Pt:DR;False;;;;;;False;;Registro VUT CV-VUT0503543-A
448;vut_registro;vivienda_uso_turistico_registrada;Generalitat Valenciana (registro VUT);2018-05-07T00:00:00;;4.0;135.0;;CL VELAZQUEZ, 33, Es:1 Pl:02 Pt:CN;False;;;;;;False;;Registro VUT CV-VUT0466335-A
449;vut_registro;vivienda_uso_turistico_registrada;Generalitat Valenciana (registro VUT);2025-04-08T00:00:00;;4.0;103.0;;CL VELAZQUEZ, 45, Es:1 Pl:00 Pt:IZ;False;;;;;;False;;Registro VUT CV-VUT0515786-A
450;vut_registro;vivienda_uso_turistico_registrada;Generalitat Valenciana (registro VUT);2019-06-04T00:00:00;;3.0;100.0;;CL ZORRILLA, 10H, Pl:02 Pt:3;False;;;;;;False;;Registro VUT CV-VUT0476393-A
451;vut_registro;vivienda_uso_turistico_registrada;Generalitat Valenciana (registro VUT);2017-10-16T00:00:00;;5.0;222.0;;CM COVES LES, 19, Es:T Pl:OD Pt:OS;False;;;;;;False;;Registro VUT CV-VUT0459215-A
452;vut_registro;vivienda_uso_turistico_registrada;Generalitat Valenciana (registro VUT);2025-04-24T00:00:00;;9.0;633.0;;CM MAHONES DEL, 20, Es:T Pl:OD Pt:OS;False;;;;;;False;;Registro VUT CV-VUT0516196-A
453;vut_registro;vivienda_uso_turistico_registrada;Generalitat Valenciana (registro VUT);2024-05-08T00:00:00;;6.0;424.0;;CM MONTNEGRE, 19, Es:TO Pl:DO Pt:S;False;;;;;;False;;Registro VUT CV-VUT0507848-A
454;vut_registro;vivienda_uso_turistico_registrada;Generalitat Valenciana (registro VUT);2025-11-18T00:00:00;;4.0;82.0;;CM SENDERA DE LA, 106, Es:T Pl:OD Pt:OS;False;;;;;;False;;Registro VUT CV-VUT0519157-A
455;vut_registro;vivienda_uso_turistico_registrada;Generalitat Valenciana (registro VUT);2023-03-29T00:00:00;;1.0;202.0;;CR AGOST, 18, Es:1 Pl:00 Pt:04;False;;;;;;False;;Registro VUT CV-VUT0496650-A
456;vut_registro;vivienda_uso_turistico_registrada;Generalitat Valenciana (registro VUT);2023-06-06T00:00:00;;6.0;528.0;;CR CASTALLA, 46, Es:TO Pl:DO Pt:S;False;;;;;;False;;Registro VUT CV-VUT0498903-A
457;vut_registro;vivienda_uso_turistico_registrada;Generalitat Valenciana (registro VUT);2019-11-12T00:00:00;;4.0;296.0;;CR CASTALLA, 77, Es:T Pl:OD Pt:OS;False;;;;;;False;;Registro VUT CV-VUT0479655-A
458;vut_registro;vivienda_uso_turistico_registrada;Generalitat Valenciana (registro VUT);2019-11-12T00:00:00;;5.0;195.0;;CR CASTALLA, 79, Pl:00;False;;;;;;False;;Registro VUT CV-VUT0479656-A
459;vut_registro;vivienda_uso_turistico_registrada;Generalitat Valenciana (registro VUT);2018-04-20T00:00:00;;12.0;610.0;;PD BOQUERES POLIG D, 50, Es:T Pl:OD Pt:OS;False;;;;;;False;;Registro VUT CV-VUT0465784-A
460;vut_registro;vivienda_uso_turistico_registrada;Generalitat Valenciana (registro VUT);2023-06-20T00:00:00;;1.0;193.0;;PD TORREGROSES POLIG C, 67, Es:TO Pl:DO Pt:S;False;;;;;;False;;Registro VUT CV-VUT0499396-A
461;vut_registro;vivienda_uso_turistico_registrada;Generalitat Valenciana (registro VUT);2026-03-07T00:00:00;;4.0;322.0;;PD TORREGROSES POLIG C, 88, Es:T Pl:OD Pt:OS;False;;;;;;False;;Registro VUT CV-VUT0520455-A
462;vut_registro;vivienda_uso_turistico_registrada;Generalitat Valenciana (registro VUT);2024-05-06T00:00:00;;4.0;220.0;;PS NENUFARES DE LOS, 7B, Es:T Pl:OD Pt:OS;False;;;;;;False;;Registro VUT CV-VUT0508218-A
463;vut_registro;vivienda_uso_turistico_registrada;Generalitat Valenciana (registro VUT);2021-05-24T00:00:00;;3.0;211.0;;PS OLIVOS, 69, Pl:00;False;;;;;;False;;Registro VUT CV-VUT0486157-A
464;vut_registro;vivienda_uso_turistico_registrada;Generalitat Valenciana (registro VUT);2025-01-28T00:00:00;;2.0;63.0;;CL MARQUES DE MOLINS, 5, Es:1 Pl:00 Pt:CN;False;;;;;;False;;Registro VUT CV-VUT0513993-A
465;vut_registro;vivienda_uso_turistico_registrada;Generalitat Valenciana (registro VUT);2018-02-15T00:00:00;;5.0;138.0;;PS ROSALES LOS, 14A, Es:T Pl:OD Pt:OS;False;;;;;;False;;Registro VUT CV-VUT0463786-A
466;vut_registro;vivienda_uso_turistico_registrada;Generalitat Valenciana (registro VUT);2025-01-29T00:00:00;;3.0;64.0;;CL POZO, 54, Es:1 Pl:00 Pt:01;False;;;;;;False;;Registro VUT CV-VUT0514003-A
