fecha_captura;fuente;temporada;nombre;tipo_alojamiento;municipio;en_san_vicente;dormitorios;camas;banos;m2;anfitrion;noches;precio_total_eur;valoracion;num_valoraciones;busqueda;precio_noche;es_villa_o_chalet
2026-09-01;Airbnb;media (oct);Luminoso apartamento de 4 dormitorios cerca de Alicante;Apartamento;Sant Vicent del Raspeig;si;4;5.0;1.5;;profesional;5;750;5.0;5.0;mapa acotado SVR 2026-10-05/10 entire_home;150.0;False
2026-09-01;Airbnb;media (oct);Amplio Loft al lado de la Universidad;Loft;San Vicente del Raspeig;si;1;1.0;1.0;;particular;5;456;4.78;49.0;mapa acotado SVR 2026-10-05/10 entire_home;91.2;False
2026-09-01;Airbnb;media (oct);Casa lulu, enorme piscina, jardin, suite;Villa;San Vicente del Raspeig;si;6;7.0;4.0;;particular;5;2043;4.82;11.0;mapa acotado SVR 2026-10-05/10 entire_home;408.6;True
2026-09-01;Airbnb;media (oct);Villa Lago;Villa;San Vicente del Raspeig;si;5;7.0;4.0;;particular;5;3659;;;mapa acotado SVR 2026-10-05/10 entire_home;731.8;True
2026-09-01;Airbnb;media (oct);Villa Mulet con piscina exotica para 8 personas;Vivienda;San Vicente del Raspeig;si;3;5.0;1.0;;profesional;5;1407;4.71;17.0;mapa acotado SVR 2026-10-05/10 entire_home;281.4;True
2026-09-01;Airbnb;media (oct);Villa con piscina de diseno y gran estanque;Chalet;San Vicente del Raspeig;si;4;5.0;2.0;;particular;5;1569;;;mapa acotado SVR 2026-10-05/10 entire_home;313.8;True
2026-09-01;Airbnb;media (oct);Casa abedul;Chalet;San Vicente del Raspeig;si;6;6.0;3.0;;particular;5;2371;;;mapa acotado SVR 2026-10-05/10 entire_home;474.2;True
2026-09-01;Airbnb;media (oct);La casa de la chimenea;Casa rural;Alicante;no;2;3.0;1.0;;particular;5;851;4.95;22.0;mapa acotado SVR 2026-10-05/10 entire_home;170.2;True
2026-09-01;Airbnb;media (oct);La Cocina De Paqui;Vivienda;Alicante;no;2;5.0;1.0;;profesional;5;927;4.33;3.0;mapa acotado SVR 2026-10-05/10 entire_home;185.4;False
2026-09-01;Airbnb;media (oct);La Campaneta a 15 min del centro y playa;Vivienda;Alicante;no;3;;1.0;;particular;5;902;;;mapa acotado SVR 2026-10-05/10 entire_home;180.4;False
2026-09-01;Airbnb;alta (jul);Alojamiento rural con piscina privada;Casa rural;San Vicente del Raspeig;si;1;1.0;1.0;;particular;5;902;5.0;89.0;mapa acotado SVR 2027-07-12/17 entire_home;180.4;True
2026-09-01;Airbnb;alta (jul);Piso moderno a 15 de la playa;Vivienda;San Vicente del Raspeig;si;3;3.0;1.0;;profesional;5;591;4.17;6.0;mapa acotado SVR 2027-07-12/17 entire_home;118.2;False
2026-09-01;Airbnb;alta (jul);Villa Sensation Seasons mediterranea;Villa;San Vicente del Raspeig;si;10;16.0;6.5;;profesional;5;8827;4.83;6.0;mapa acotado SVR 2027-07-12/17 entire_home;1765.4;True
2026-09-01;Airbnb;alta (jul);Apartamento 3 dormitorios con piscina en cubierta;Apartamento;San Vicente del Raspeig;si;3;3.0;2.0;90.0;particular;5;1394;5.0;4.0;mapa acotado SVR 2027-07-12/17 entire_home;278.8;False
2026-09-01;Airbnb;alta (jul);Villa Mulet con piscina exotica para 8 personas;Vivienda;San Vicente del Raspeig;si;3;5.0;1.0;;profesional;5;1757;4.71;17.0;mapa acotado SVR 2027-07-12/17 entire_home;351.4;True
2026-09-01;Airbnb;alta (jul);Bungalow Navarro;Adosado;San Vicente del Raspeig;si;5;5.0;2.5;;particular;5;814;4.82;11.0;mapa acotado SVR 2027-07-12/17 entire_home;162.8;True
2026-09-01;Airbnb;alta (jul);Piso coqueto a 15 de la playa;Vivienda;San Vicente del Raspeig;si;3;3.0;1.0;;profesional;5;703;4.33;9.0;mapa acotado SVR 2027-07-12/17 entire_home;140.6;False
2026-09-01;Airbnb;alta (jul);La casa de la chimenea;Casa rural;Alicante;no;2;3.0;1.0;;particular;5;1009;4.95;22.0;mapa acotado SVR 2027-07-12/17 entire_home;201.8;True
2026-09-01;Airbnb;alta (jul);La Cocina De Paqui;Vivienda;Alicante;no;2;5.0;1.0;;profesional;5;989;4.33;3.0;mapa acotado SVR 2027-07-12/17 entire_home;197.8;False
2026-09-01;Airbnb;alta (jul);La Campaneta a 15 min del centro y playa;Vivienda;Alicante;no;3;;1.0;;particular;5;902;;;mapa acotado SVR 2027-07-12/17 entire_home;180.4;False
2026-09-01;Airbnb;baja (feb);Luminoso apartamento de 4 dormitorios cerca de Alicante;Apartamento;Sant Vicent del Raspeig;si;4;5.0;1.5;;profesional;5;756;5.0;5.0;mapa acotado SVR 2027-02-08/13 entire_home;151.2;False
2026-09-01;Airbnb;baja (feb);Alojamiento rural con piscina privada;Casa rural;San Vicente del Raspeig;si;1;1.0;1.0;;particular;5;785;5.0;89.0;mapa acotado SVR 2027-02-08/13 entire_home;157.0;True
2026-09-01;Airbnb;baja (feb);Amplio Loft al lado de la Universidad;Loft;San Vicente del Raspeig;si;1;1.0;1.0;;particular;5;525;4.78;49.0;mapa acotado SVR 2027-02-08/13 entire_home;105.0;False
2026-09-01;Airbnb;baja (feb);Villa Haygon con piscina climatizada, bbq y sauna;Vivienda;San Vicente del Raspeig;si;5;6.0;3.0;;particular;5;2815;4.93;147.0;mapa acotado SVR 2027-02-08/13 entire_home;563.0;True
2026-09-01;Airbnb;baja (feb);Villa Sensation Seasons mediterranea;Villa;San Vicente del Raspeig;si;10;16.0;6.5;;profesional;5;5030;4.83;6.0;mapa acotado SVR 2027-02-08/13 entire_home;1006.0;True
2026-09-01;Airbnb;baja (feb);Villa Lago;Villa;San Vicente del Raspeig;si;5;7.0;4.0;;particular;5;3396;;;mapa acotado SVR 2027-02-08/13 entire_home;679.2;True
2026-09-01;Airbnb;baja (feb);Bungalow Navarro;Adosado;San Vicente del Raspeig;si;5;5.0;2.5;;particular;5;814;4.82;11.0;mapa acotado SVR 2027-02-08/13 entire_home;162.8;True
2026-09-01;Airbnb;baja (feb);Casa lulu, enorme piscina, jardin, suite;Villa;San Vicente del Raspeig;si;6;7.0;4.0;;particular;5;2087;4.82;11.0;mapa acotado SVR 2027-02-08/13 entire_home;417.4;True
2026-09-01;Airbnb;baja (feb);Villa Mulet con piscina exotica para 8 personas;Vivienda;San Vicente del Raspeig;si;3;5.0;1.0;;profesional;5;1354;4.71;17.0;mapa acotado SVR 2027-02-08/13 entire_home;270.8;True
2026-09-01;Airbnb;baja (feb);Casa abedul;Chalet;San Vicente del Raspeig;si;6;6.0;3.0;;particular;5;2928;;;mapa acotado SVR 2027-02-08/13 entire_home;585.6;True
2026-09-01;Airbnb;baja (feb);La casa de la chimenea;Casa rural;Alicante;no;2;3.0;1.0;;particular;5;772;4.95;22.0;mapa acotado SVR 2027-02-08/13 entire_home;154.4;True
2026-09-01;Airbnb;baja (feb);Casa de campo con piscina;Vivienda;Alicante;no;4;7.0;2.0;;particular;5;1757;4.69;29.0;mapa acotado SVR 2027-02-08/13 entire_home;351.4;True
2026-09-01;Airbnb;baja (feb);La Cocina De Paqui;Vivienda;Alicante;no;2;5.0;1.0;;profesional;5;927;4.33;3.0;mapa acotado SVR 2027-02-08/13 entire_home;185.4;False
2026-09-01;Airbnb;baja (feb);La Campaneta a 15 min del centro y playa;Vivienda;Alicante;no;3;;1.0;;particular;5;902;;;mapa acotado SVR 2027-02-08/13 entire_home;180.4;False
2026-09-01;Booking;alta (jul);Habitacion en San Vicente del Raspeig Alicante;Apartamento;San Vicente del Raspeig;si;1;1.0;1.0;17.0;particular;5;284;3.6;15.0;busqueda SVR 2027-07-12/17 apartamentos;56.8;False
2026-09-01;Booking;alta (jul);Apartamento 3 dormitorios (piscina en azotea);Apartamento;San Vicente del Raspeig;si;3;3.0;2.0;90.0;particular;5;997;9.2;7.0;busqueda SVR 2027-07-12/17 apartamentos;199.4;False
