direccion;superficie_m2;dormitorios;plazas_totales;rural;estudio;fecha_alta;signatura;es_duplicado
PD RASPEIG POLIG G, 52, Pl:01;274.0;1;2;S;N;2024-11-10T00:00:00;CV-VUT0512669-A;False
PD RASPEIG POLIG F, 50, Es:T Pl:OD Pt:OS;104.0;2;4;S;N;2025-02-26T00:00:00;CV-VUT0514567-A;False
CL SAN VICENTE, 51, Es:1 Pl:02 Pt:DR;111.0;4;7;N;N;2025-02-24T00:00:00;CV-VUT0514446-A;False
AV ALMASSERA DE L', 26, Bloque:3 Es:4 Pl:03 Pt:Z;123.0;3;6;N;N;2025-02-27T00:00:00;CV-VUT0514536-A;False
AV ANCHA CASTELAR, 22, Es:1 Pl:04 Pt:01;212.0;5;9;N;N;2025-02-20T00:00:00;CV-VUT0514403-A;False
AV HAYGON, 24, Es:T Pl:OD Pt:OS;317.0;5;10;N;N;2021-04-13T00:00:00;CV-VUT0485628-A;False
AV HAYGON, 41A, Es:T Pl:OD Pt:OS;202.0;5;8;N;N;2026-02-04T00:00:00;CV-VUT0520085-A;False
AV SEVILLA, 10, Es:1 Pl:02 Pt:B;186.0;3;6;N;N;2015-05-29T00:00:00;CV-VUT0443247-A;False
AV SEVILLA, 10, Es:2 Pl:04 Pt:D;143.0;2;3;N;N;2024-03-25T00:00:00;CV-VUT0506549-A;False
CL ABEDUL, 14, Es:T Pl:OD Pt:OS;480.0;7;14;N;N;2025-05-13T00:00:00;CV-VUT0516449-A;False
CL ACACIAS, 6, Es:T Pl:OD Pt:OS;470.0;5;10;N;N;2022-02-28T00:00:00;CV-VUT0488782-A;False
CL ALC RAMON ORTS GALAN, 8, Es:2 Pl:07 Pt:A;85.0;2;4;N;N;2017-01-25T00:00:00;CV-VUT0452617-A;False
CL ALFONSO XIII, 15, Es:1 Pl:EN Pt:2A;98.0;1;2;N;N;2023-05-16T00:00:00;CV-VUT0498136-A;False
CL ALFONSO XIII, 54, Es:1 Pl:00 Pt:A;66.0;2;4;N;N;2023-07-07T00:00:00;CV-VUT0500283-A;False
CL ALFONSO XIII, 54, Es:1 Pl:00 Pt:B;55.0;1;2;N;N;2023-07-07T00:00:00;CV-VUT0500284-A;False
CL ALFONSO XIII, 54, Es:1 Pl:01 Pt:A;101.0;3;6;N;N;2023-08-28T00:00:00;CV-VUT0501176-A;False
CL ALFONSO XIII, 54, Es:1 Pl:01 Pt:B;45.0;1;2;N;N;2023-08-28T00:00:00;CV-VUT0501177-A;False
CL ALFONSO XIII, 54, Es:1 Pl:02 Pt:A;101.0;3;6;N;N;2023-08-28T00:00:00;CV-VUT0501178-A;False
CL ALFONSO XIII, 54, Es:1 Pl:02 Pt:B;45.0;1;2;N;N;2023-08-28T00:00:00;CV-VUT0501179-A;False
CL ALFONSO XIII, 54, Es:1 Pl:03 Pt:A;187.0;2;4;N;N;2023-07-07T00:00:00;CV-VUT0500285-A;False
CL ALICANTE, 18, Pl:04 Pt:IZ;140.0;2;4;N;N;2022-03-30T00:00:00;CV-VUT0489315-A;False
CL ALICANTE, 24, Es:1 Pl:EN Pt:01;47.0;1;2;N;N;2024-01-29T00:00:00;CV-VUT0504861-A;False
CL ALICANTE, 84, Es:1 Pl:+1 Pt:41;41.0;1;2;N;N;2024-04-29T00:00:00;CV-VUT0507508-A;False
CL AVELLANO, 13, Es:T Pl:OD Pt:OS;378.0;4;8;N;N;2020-12-17T00:00:00;CV-VUT0484543-A;False
CL BAILEN, 39, Pl:02 Pt:DR;104.0;4;5;N;N;2018-05-07T00:00:00;CV-VUT0466339-A;False
CL BAILEN, 41, Pl:02 Pt:DR;108.0;4;5;N;N;2018-05-07T00:00:00;CV-VUT0466336-A;False
CL BAILEN, 49, Pl:03 Pt:DR;112.0;3;6;N;N;2019-07-04T00:00:00;CV-VUT0477239-A;False
CL BAILEN, 57, Es:1 Pl:03 Pt:C;71.0;2;4;N;N;2023-07-26T00:00:00;CV-VUT0500444-A;False
CL BAUTISTA AZNAR, 2, Pl:03 Pt:DR;102.0;3;6;N;N;2018-05-27T00:00:00;CV-VUT0467383-A;False
CL BENLLIURE, 17, Pl:02 Pt:DR;97.0;4;8;N;N;2020-08-24T00:00:00;CV-VUT0483037-A;False
CL BENLLIURE, 32, Es:1 Pl:02 Pt:DR;91.0;4;8;N;N;2020-08-24T00:00:00;CV-VUT0483038-A;False
CL BLASCO IBAÑEZ, 26, Pl:03 Pt:IZ;90.0;3;6;N;N;2024-12-26T00:00:00;CV-VUT0513503-A;False
CL CADERNERA LA, 10, Es:T Pl:OD Pt:OS;484.0;5;9;N;N;2021-04-29T00:00:00;CV-VUT0488079-A;False
CL CASTAÑO, 6, Es:T Pl:OD Pt:OS;224.0;9;18;N;N;2025-05-21T00:00:00;CV-VUT0516616-A;False
CL CIUDAD JARDIN, 7, Pl:03 Pt:DR;87.0;3;6;N;N;2024-11-05T00:00:00;CV-VUT0512549-A;False
CL COLONIA STA. ISABEL, 21L, Es:2 Pl:04 Pt:I;70.0;3;4;N;N;2024-01-02T00:00:00;CV-VUT0504156-A;False
CL COLONIA STA. ISABEL, 50, Es:P Pl:03 Pt:C;89.0;3;5;N;N;2017-12-12T00:00:00;CV-VUT0461221-A;False
CL COLONIA STA. ISABEL, 9, Es:B Pl:05 Pt:I;69.0;2;3;N;N;2024-01-02T00:00:00;CV-VUT0504157-A;False
CL COTTOLENGO, 1, Es:1 Pl:01 Pt:42;108.0;5;9;N;N;2025-03-28T00:00:00;CV-VUT0515429-A;False
CL DR MARAÑON, 13, Bloque:1 Es:1 Pl:00 Pt:04;147.0;2;3;N;N;2015-10-19T00:00:00;CV-VUT0444533-A;False
CL DR MARAÑON, 14, Es:C Pl:01 Pt:A;116.0;2;3;N;N;2023-10-05T00:00:00;CV-VUT0502176-A;False
CL DR TRUETA, 16, Pl:01 Pt:IZ;141.0;3;6;N;N;2023-02-09T00:00:00;CV-VUT0495033-A;False
CL ESPRONCEDA, 6, Es:5 Pl:03 Pt:A;146.0;4;5;N;N;2025-07-30T00:00:00;CV-VUT0517953-A;False
CL FRESNO, 20;216.0;2;3;N;N;2021-06-10T00:00:00;CV-VUT0486496-A;False
CL GABRIEL MIRO, 9, Pl:02 Pt:DR;137.0;3;6;N;N;2024-07-16T00:00:00;CV-VUT0510236-A;False
CL GENETA LA, 2, Es:T Pl:OD Pt:OS;334.0;4;7;N;N;2024-12-20T00:00:00;CV-VUT0513440-A;False
CL HERNAN CORTES, 24, Pl:03 Pt:DR;88.0;3;6;N;N;2025-01-29T00:00:00;CV-VUT0514120-A;False
CL HUERTA LA, 132, Es:2 Pl:01 Pt:D;92.0;3;4;N;N;2023-07-04T00:00:00;CV-VUT0499816-A;False
CL HUERTA LA, 136, Es:4 Pl:03 Pt:B;90.0;3;4;N;N;2018-03-07T00:00:00;CV-VUT0464441-A;False
CL HUERTA LA, 14, Pl:01 Pt:IZ;132.0;4;8;N;N;2023-06-15T00:00:00;CV-VUT0499298-A;False
CL HUERTA LA, 146, Es:9 Pl:01 Pt:B;94.0;3;4;N;N;2018-03-07T00:00:00;CV-VUT0464440-A;False
CL JORGE JUAN, 29, Pl:01 Pt:IZ;100.0;3;6;N;N;2025-01-29T00:00:00;CV-VUT0514116-A;False
CL JUAN RAMON JIMENEZ, 6, Pl:03;172.0;4;7;N;N;2024-03-25T00:00:00;CV-VUT0506482-A;False
CL L'ISLE D'ABEAU, 6, Es:1 Pl:00 Pt:70;182.0;3;5;N;N;2018-06-19T00:00:00;CV-VUT0468572-A;False
CL LILLO JUAN, 125, Pl:01 Pt:DR;68.0;3;4;N;N;2025-02-13T00:00:00;CV-VUT0514238-A;False
CL LIMONEROS, 24, Es:T Pl:OD Pt:OS;439.0;12;18;N;N;2025-07-08T00:00:00;CV-VUT0517601-A;False
CL MANUEL DGUEZ MARGARIT, 33, Es:1 Pl:02 Pt:DR;119.0;4;8;N;N;2025-04-02T00:00:00;CV-VUT0515597-A;False
CL MAYOR, 25, Es:1 Pl:01 Pt:B;72.0;1;2;N;N;2026-01-27T00:00:00;CV-VUT0519988-A;False
CL MAYOR, 78, Es:1 Pl:01 Pt:A;92.0;2;4;N;N;2024-02-26T00:00:00;CV-VUT0505786-A;False
CL MAYOR, 78, Es:1 Pl:01 Pt:B;92.0;2;4;N;N;2024-02-26T00:00:00;CV-VUT0505787-A;False
CL MAYOR, 98, Es:1 Pl:02 Pt:08;80.0;3;4;N;N;2018-05-07T00:00:00;CV-VUT0466340-A;False
CL NUÑEZ DE BALBOA, 6, Es:1 Pl:01 Pt:E;116.0;4;7;N;N;2024-01-24T00:00:00;CV-VUT0504710-A;False
CL PELAYO, 15, Pl:-1 Pt:28;22.0;3;6;N;N;2017-11-30T00:00:00;CV-VUT0460722-A;False
CL PINTOR MURILLO, 4, Pl:01;221.0;8;10;N;N;2025-04-03T00:00:00;CV-VUT0515672-A;False
CL PINTOR PICASSO, 1, Pl:02 Pt:DR;123.0;3;4;N;N;2018-03-07T00:00:00;CV-VUT0464442-A;False
CL POETA GARCIA LORCA, 24, Es:1 Pl:04 Pt:C;159.0;3;5;N;N;2024-09-20T00:00:00;CV-VUT0511587-A;False
CL POU DEL, 9, Es:T Pl:OD Pt:OS;189.0;3;6;N;N;2023-06-01T00:00:00;CV-VUT0499661-A;False
CL RAFAEL SABATER LLOPIS, 1, Pl:03 Pt:IZ;101.0;3;4;N;N;2023-07-04T00:00:00;CV-VUT0499817-A;False
CL RIO DUERO, 34, Pl:01;502.0;6;12;N;N;2023-05-04T00:00:00;CV-VUT0497637-A;False
CL RIO GUADALQUIVIR, 7, Es:T Pl:OD Pt:OS;338.0;5;10;N;N;2025-03-11T00:00:00;CV-VUT0514842-A;False
CL RIO TAJO, 13, Pl:00;144.0;4;8;N;N;2024-06-14T00:00:00;CV-VUT0509374-A;False
CL RIO TAJO, 15, Es:T Pl:OD Pt:OS;511.0;5;10;N;N;2024-12-16T00:00:00;CV-VUT0513335-A;False
CL ROBLE, 26, Es:T Pl:OD Pt:OS;247.0;3;6;N;N;2026-02-09T00:00:00;CV-VUT0520147-A;False
CL ROSSINYOL, 4, Es:T Pl:OD Pt:OS;355.0;5;10;N;N;2021-02-18T00:00:00;CV-VUT0485046-A;False
CL SAN ISIDRO, 11, Es:1 Pl:01 Pt:IZ;89.0;3;4;N;N;2022-11-28T00:00:00;CV-VUT0493991-A;False
CL SAN JUAN, 17C, Pl:04 Pt:1;124.0;4;5;N;N;2018-05-07T00:00:00;CV-VUT0466338-A;False
CL SAN JUAN, 24, Pl:03 Pt:IZ;73.0;2;4;N;N;2025-01-19T00:00:00;CV-VUT0513809-A;False
CL TIBI, 4, Pl:02 Pt:IZ;93.0;3;4;N;N;2023-07-04T00:00:00;CV-VUT0499821-A;False
CL TORRES QUEVEDO, 18, Es:1 Pl:03 Pt:DR;87.0;3;6;N;N;2022-09-30T00:00:00;CV-VUT0492515-A;False
CL TRAFALGAR, 1, Pl:01 Pt:DR;86.0;3;4;N;N;2018-03-08T00:00:00;CV-VUT0464462-A;False
CL VALENCIA, 22, Pl:03 Pt:DR;97.0;3;4;N;N;2018-06-12T00:00:00;CV-VUT0468242-A;False
CL VELAZQUEZ, 32, Pl:01 Pt:DR;95.0;3;6;N;N;2023-11-29T00:00:00;CV-VUT0503543-A;False
CL VELAZQUEZ, 33, Es:1 Pl:02 Pt:CN;135.0;4;5;N;N;2018-05-07T00:00:00;CV-VUT0466335-A;False
CL VELAZQUEZ, 45, Es:1 Pl:00 Pt:IZ;103.0;4;5;N;N;2025-04-08T00:00:00;CV-VUT0515786-A;False
CL ZORRILLA, 10H, Pl:02 Pt:3;100.0;3;4;N;N;2019-06-04T00:00:00;CV-VUT0476393-A;False
CM COVES LES, 19, Es:T Pl:OD Pt:OS;222.0;5;10;N;N;2017-10-16T00:00:00;CV-VUT0459215-A;False
CM MAHONES DEL, 20, Es:T Pl:OD Pt:OS;633.0;9;18;N;N;2025-04-24T00:00:00;CV-VUT0516196-A;False
CM MONTNEGRE, 19, Es:TO Pl:DO Pt:S;424.0;6;11;N;N;2024-05-08T00:00:00;CV-VUT0507848-A;False
CM SENDERA DE LA, 106, Es:T Pl:OD Pt:OS;82.0;4;8;N;N;2025-11-18T00:00:00;CV-VUT0519157-A;False
CR AGOST, 18, Es:1 Pl:00 Pt:04;202.0;1;2;N;N;2023-03-29T00:00:00;CV-VUT0496650-A;False
CR CASTALLA, 46, Es:TO Pl:DO Pt:S;528.0;6;11;N;N;2023-06-06T00:00:00;CV-VUT0498903-A;False
CR CASTALLA, 77, Es:T Pl:OD Pt:OS;296.0;4;8;N;N;2019-11-12T00:00:00;CV-VUT0479655-A;False
CR CASTALLA, 79, Pl:00;195.0;5;10;N;N;2019-11-12T00:00:00;CV-VUT0479656-A;False
PD BOQUERES POLIG D, 50, Es:T Pl:OD Pt:OS;610.0;12;24;N;N;2018-04-20T00:00:00;CV-VUT0465784-A;False
PD TORREGROSES POLIG C, 67, Es:TO Pl:DO Pt:S;193.0;1;2;N;N;2023-06-20T00:00:00;CV-VUT0499396-A;False
PD TORREGROSES POLIG C, 88, Es:T Pl:OD Pt:OS;322.0;4;8;N;N;2026-03-07T00:00:00;CV-VUT0520455-A;False
PS NENUFARES DE LOS, 7B, Es:T Pl:OD Pt:OS;220.0;4;8;N;N;2024-05-06T00:00:00;CV-VUT0508218-A;False
PS OLIVOS, 69, Pl:00;211.0;3;6;N;N;2021-05-24T00:00:00;CV-VUT0486157-A;False
CL MARQUES DE MOLINS, 5, Es:1 Pl:00 Pt:CN;63.0;2;3;N;N;2025-01-28T00:00:00;CV-VUT0513993-A;False
PS ROSALES LOS, 14A, Es:T Pl:OD Pt:OS;138.0;5;10;N;N;2018-02-15T00:00:00;CV-VUT0463786-A;False
CL POZO, 54, Es:1 Pl:00 Pt:01;64.0;3;6;N;N;2025-01-29T00:00:00;CV-VUT0514003-A;False
